stamp,elapsed,x,y,z,yaw
1784815946.671196938,0.000000000,-3.500000000,0.000000000,1.200000000,-0.023507572
1784815946.741114616,0.069917679,-3.473617216,-0.000620309,1.200000000,0.006507958
1784815946.807227850,0.136030912,-3.447320707,0.000342839,1.200000000,0.027722816
1784815946.864282370,0.193085432,-3.420969946,0.000839595,1.200000000,0.026755867
1784815946.916438341,0.245241404,-3.394627987,0.001753015,1.200000000,0.037033048
1784815946.963054657,0.291857719,-3.368269951,0.002792129,1.200000000,0.035296479
1784815947.008006334,0.336809397,-3.341892590,0.003615163,1.200000000,0.040224421
1784815947.049993992,0.378797054,-3.315533358,0.004914573,1.200000000,0.063175144
1784815947.089413404,0.418216467,-3.289220177,0.006947184,1.200000000,0.078576834
1784815947.128265619,0.457068682,-3.262913129,0.009057835,1.200000000,0.088632943
1784815947.164875031,0.493678093,-3.236645713,0.011619254,1.200000000,0.105910744
1784815947.199850321,0.528653383,-3.210426763,0.014637583,1.200000000,0.124647491
1784815947.235370398,0.564173460,-3.184274738,0.018181184,1.200000000,0.135497482
1784815947.266699553,0.595502615,-3.158129678,0.021767394,1.200000000,0.150057719
1784815947.300188541,0.628991604,-3.132094241,0.026070576,1.200000000,0.179700287
1784815947.333230019,0.662033081,-3.106205687,0.031199901,1.200000000,0.199555433
1784815947.365714073,0.694517136,-3.080359841,0.036533715,1.200000000,0.203135644
1784815947.396420240,0.725223303,-3.054518529,0.041846247,1.200000000,0.228686263
1784815947.428711891,0.757514954,-3.028977224,0.048493432,1.200000000,0.258898098
1784815947.460475922,0.789278984,-3.003494074,0.055359666,1.200000000,0.266623011
1784815947.493448257,0.822251320,-2.978059953,0.062400256,1.200000000,0.278496019
1784815947.526101112,0.854904175,-2.952747114,0.069869576,1.200000000,0.288613999
1784815947.558680296,0.887483358,-2.927459505,0.077423730,1.200000000,0.298006922
1784815947.592630386,0.921433449,-2.902291286,0.085367275,1.200000000,0.310098468
1784815947.625715733,0.954518795,-2.877193314,0.093530831,1.200000000,0.317950418
1784815947.658836126,0.987639189,-2.852154087,0.101868244,1.200000000,0.333279297
1784815947.694953442,1.023756504,-2.827321656,0.110796052,1.200000000,0.331356667
1784815947.727745533,1.056548595,-2.802249516,0.119037483,1.200000000,0.322843388
1784815947.763293982,1.092097044,-2.777273893,0.127539433,1.200000000,0.329775605
1784815947.800453424,1.129256487,-2.752333997,0.136122275,1.200000000,0.319674484
1784815947.833311796,1.162114859,-2.727183083,0.144120903,1.200000000,0.325264766
1784815947.874091864,1.202894926,-2.702337055,0.152983374,1.200000000,0.323067871
1784815947.908695936,1.237498999,-2.677151182,0.160871466,1.200000000,0.300924809
1784815947.943937540,1.272740602,-2.651924769,0.168628819,1.200000000,0.314112326
1784815947.986361742,1.315164804,-2.626973769,0.177172492,1.200000000,0.308474688
1784815948.021450281,1.350253344,-2.601661456,0.184645048,1.200000000,0.287729392
1784815948.059423447,1.388226509,-2.576361754,0.192150695,1.200000000,0.294550156
1784815948.103089809,1.431892872,-2.551168636,0.199963303,1.200000000,0.288282288
1784815948.140606880,1.469409943,-2.525774283,0.207152059,1.200000000,0.289816900
1784815948.188949108,1.517752171,-2.500606339,0.215041657,1.200000000,0.290203989
1784815948.228128433,1.556931496,-2.475217578,0.222250059,1.200000000,0.286572492
1784815948.276742935,1.605545998,-2.449995356,0.229955897,1.200000000,0.275982297
1784815948.318718195,1.647521257,-2.424460586,0.236624916,1.200000000,0.254759771
1784815948.362835884,1.691638947,-2.398918715,0.243257185,1.200000000,0.253445486
1784815948.411103725,1.739906788,-2.373375130,0.249856831,1.200000000,0.237933058
1784815948.455334425,1.784137487,-2.347636957,0.255694400,1.200000000,0.217557603
1784815948.505473137,1.834276199,-2.321844185,0.261248070,1.200000000,0.193154605
1784815948.549939156,1.878742218,-2.295852072,0.265823168,1.200000000,0.172594814
1784815948.600958824,1.929761887,-2.269859525,0.270310519,1.200000000,0.148684551
1784815948.647099733,1.975902796,-2.243678122,0.273638303,1.200000000,0.134302653
1784815948.699429035,2.028232098,-2.217564410,0.277376426,1.200000000,0.125815864
1784815948.744819164,2.073622227,-2.191330233,0.280259472,1.200000000,0.119672596
1784815948.795791388,2.124594450,-2.165174391,0.283676178,1.200000000,0.111245219
1784815948.840393305,2.169196367,-2.138895280,0.286116792,1.200000000,0.097428104
1784815948.890117884,2.218920946,-2.112645044,0.288810268,1.200000000,0.096456308
1784815948.934455633,2.263258696,-2.086361267,0.291199803,1.200000000,0.110004419
1784815948.985306263,2.314109325,-2.060210864,0.294601639,1.200000000,0.111007911
1784815949.028599501,2.357402563,-2.033931851,0.297043907,1.200000000,0.103879248
1784815949.077171803,2.405974865,-2.007724541,0.300073575,1.200000000,0.103694006
1784815949.120367050,2.449170113,-1.981445040,0.302506066,1.200000000,0.100785647
1784815949.167667150,2.496470213,-1.955225847,0.305382678,1.200000000,0.107694311
1784815949.212049246,2.540852308,-1.928989231,0.308177200,1.200000000,0.096243214
1784815949.254876614,2.583679676,-1.902696507,0.310453938,1.200000000,0.090234349
1784815949.303193331,2.631996393,-1.876434267,0.312932376,1.200000000,0.079164040
1784815949.346161127,2.674964190,-1.850096457,0.314626691,1.200000000,0.067316395
1784815949.393961906,2.722764969,-1.823776236,0.316482489,1.200000000,0.058808640
1784815949.435208797,2.764011860,-1.797413461,0.317728483,1.200000000,0.048636798
1784815949.479591370,2.808394432,-1.771056215,0.319048646,1.200000000,0.042569891
1784815949.518874884,2.847677946,-1.744680267,0.319974687,1.200000000,0.033858467
1784815949.558362246,2.887165308,-1.718302521,0.320835488,1.200000000,0.034236347
1784815949.603181362,2.931984425,-1.691931722,0.321781310,1.200000000,0.029443229
1784815949.640283585,2.969086647,-1.665546436,0.322389246,1.200000000,0.030589216
1784815949.686671972,3.015475035,-1.639178474,0.323395494,1.200000000,0.030051908
1784815949.723016262,3.051819324,-1.612792553,0.323975079,1.200000000,0.026932656
1784815949.761448383,3.090251446,-1.586416874,0.324816848,1.200000000,0.039527176
1784815949.805130005,3.133933067,-1.560061090,0.326060491,1.200000000,0.041029087
1784815949.840526342,3.169329405,-1.533684905,0.326981607,1.200000000,0.051522528
1784815949.884465933,3.213268995,-1.507370543,0.328777645,1.200000000,0.053052114
1784815949.920887232,3.249690294,-1.480997395,0.329779416,1.200000000,0.044077462
1784815949.959081411,3.287884474,-1.454638909,0.331103428,1.200000000,0.055303872
1784815950.000662565,3.329465628,-1.428297788,0.332696883,1.200000000,0.055518304
1784815950.037868261,3.366671324,-1.401939310,0.334032231,1.200000000,0.065389948
1784815950.078348160,3.407151222,-1.375642733,0.336144910,1.200000000,0.069833668
1784815950.114219427,3.443022490,-1.349297654,0.337714378,1.200000000,0.062640049
1784815950.149819613,3.478622675,-1.322962567,0.339449121,1.200000000,0.073186271
1784815950.187466621,3.516269684,-1.296657553,0.341573804,1.200000000,0.075619936
1784815950.221934080,3.550737143,-1.270331119,0.343436712,1.200000000,0.071670585
1784815950.257133961,3.585937023,-1.244008565,0.345353662,1.200000000,0.074652335
1784815950.292122841,3.620925903,-1.217693775,0.347373529,1.200000000,0.075430792
1784815950.325997591,3.654800653,-1.191374213,0.349331460,1.200000000,0.076260301
1784815950.359975338,3.688778400,-1.165063006,0.351394966,1.200000000,0.081450621
1784815950.394317150,3.723120213,-1.138766182,0.353625918,1.200000000,0.079076939
1784815950.428703785,3.757506847,-1.112445216,0.355564514,1.200000000,0.074913790
1784815950.462613821,3.791416883,-1.086130035,0.357576484,1.200000000,0.072564436
1784815950.497054338,3.825857401,-1.059800805,0.359391345,1.200000000,0.062683345
1784815950.530177355,3.858980417,-1.033450845,0.360882923,1.200000000,0.053991804
1784815950.564857960,3.893661022,-1.007093848,0.362239857,1.200000000,0.048362244
1784815950.599414587,3.928217649,-0.980729574,0.363434632,1.200000000,0.038260038
1784815950.633669376,3.962472439,-0.954350247,0.364258815,1.200000000,0.028960848
1784815950.669135809,3.997938871,-0.927967670,0.364963089,1.200000000,0.021808620
1784815950.704359293,4.033162355,-0.901579654,0.365409851,1.200000000,0.009410458
1784815950.739132643,4.067935705,-0.875187566,0.365459789,1.200000000,0.001274212
1784815950.776006222,4.104809284,-0.848795571,0.365477109,1.200000000,-0.005232117
1784815950.810529709,4.139332771,-0.822405028,0.365183622,1.200000000,-0.016933500
1784815950.845449209,4.174252272,-0.796019634,0.364583342,1.200000000,-0.017145592
1784815950.882049084,4.210852146,-0.769631777,0.364278704,1.200000000,-0.025169793
1784815950.916739225,4.245542288,-0.743259497,0.363255100,1.200000000,-0.040363206
1784815950.950291872,4.279094934,-0.716890593,0.362148744,1.200000000,-0.031605491
1784815950.988566875,4.317369938,-0.690515966,0.361587560,1.200000000,-0.039152424
1784815951.021179438,4.349982500,-0.664166599,0.360083417,1.200000000,-0.057104823
1784815951.056035757,4.384838820,-0.637818582,0.358575010,1.200000000,-0.057751478
1784815951.091839314,4.420642376,-0.611477439,0.357037152,1.200000000,-0.071754183
1784815951.124875784,4.453678846,-0.585181140,0.354791557,1.200000000,-0.090240444
1784815951.157903910,4.486706972,-0.558908842,0.352280420,1.200000000,-0.098646296
1784815951.193392992,4.522196054,-0.532657410,0.349593414,1.200000000,-0.115912016
1784815951.225903034,4.554706097,-0.506487656,0.346176815,1.200000000,-0.138395291
1784815951.259902477,4.588705540,-0.480380595,0.342312002,1.200000000,-0.155928178
1784815951.294564724,4.623367786,-0.454350078,0.337980562,1.200000000,-0.184539898
1784815951.327552319,4.656355381,-0.428507207,0.332629125,1.200000000,-0.227747439
1784815951.364771366,4.693574429,-0.402952502,0.326068220,1.200000000,-0.261668901
1784815951.398692846,4.727495909,-0.377530859,0.318977183,1.200000000,-0.283144904
1784815951.431965113,4.760768175,-0.352274121,0.311322719,1.200000000,-0.316622470
1784815951.468437433,4.797240496,-0.327391273,0.302549191,1.200000000,-0.358050468
1784815951.503433466,4.832236528,-0.302853848,0.292830703,1.200000000,-0.394141897
1784815951.537715197,4.866518259,-0.278663210,0.282282949,1.200000000,-0.440271387
1784815951.574456453,4.903259516,-0.255136979,0.270350709,1.200000000,-0.474578292
1784815951.608771324,4.937574387,-0.231724725,0.258168819,1.200000000,-0.491072579
1784815951.642429352,4.971232414,-0.208593928,0.245461036,1.200000000,-0.539052223
1784815951.680194139,5.008997202,-0.186484644,0.231108826,1.200000000,-0.565517153
1784815951.714280367,5.043083429,-0.164058023,0.217195788,1.200000000,-0.567267034
1784815951.748250961,5.077054024,-0.141971726,0.202748777,1.200000000,-0.611626494
1784815951.784967899,5.113770962,-0.120872846,0.186908182,1.200000000,-0.649621299
1784815951.818802834,5.147605896,-0.099949086,0.170828085,1.200000000,-0.673119865
1784815951.852937460,5.181740522,-0.079615420,0.154011785,1.200000000,-0.728540486
1784815951.891405582,5.220208645,-0.060606261,0.135722776,1.200000000,-0.758595096
1784815951.927351236,5.256154299,-0.041316343,0.117712648,1.200000000,-0.786226286
1784815951.964609861,5.293412924,-0.023369451,0.098424241,1.200000000,-0.826915324
1784815952.000760555,5.329563618,-0.005609801,0.078910957,1.200000000,-0.841583586
1784815952.037659645,5.366462708,0.011792015,0.059071768,1.200000000,-0.880226481
1784815952.074712515,5.403515577,0.027983574,0.038255510,1.200000000,-0.907826312
1784815952.111448765,5.440251827,0.044265527,0.017485705,1.200000000,-0.912838408
1784815952.149272203,5.478075266,0.060259742,-0.003507666,1.200000000,-0.949110484
1784815952.189465284,5.518268347,0.074983641,-0.025389315,1.200000000,-0.957227993
1784815952.228130102,5.556933165,0.090635203,-0.046639703,1.200000000,-0.960911333
1784815952.269352436,5.598155499,0.105175100,-0.068597271,1.200000000,-0.975883125
1784815952.310114145,5.638917208,0.120172129,-0.090288506,1.200000000,-0.955092502
1784815952.350770950,5.679574013,0.135645742,-0.111668786,1.200000000,-0.986512447
1784815952.396605968,5.725409031,0.149225853,-0.134222202,1.200000000,-0.992867322
1784815952.438763380,5.767566442,0.164426700,-0.155796977,1.200000000,-0.983085887
1784815952.484066963,5.812870026,0.178468543,-0.178114016,1.200000000,-0.985647361
1784815952.528492451,5.857295513,0.193558795,-0.199766462,1.200000000,-0.996245189
1784815952.575997591,5.904800653,0.207104809,-0.222346173,1.200000000,-1.008016753
1784815952.621676445,5.950479507,0.221679628,-0.244344086,1.200000000,-1.042004672
1784815952.672696352,6.001499414,0.233549936,-0.267606062,1.200000000,-1.049379231
1784815952.721143246,6.049946308,0.247797903,-0.289811058,1.200000000,-1.050339209
1784815952.773749113,6.102552176,0.259626085,-0.313100760,1.200000000,-1.062098909
1784815952.825465441,6.154268503,0.273339058,-0.335612480,1.200000000,-1.090225803
1784815952.880540609,6.209343672,0.283749396,-0.359372841,1.200000000,-1.092346741
1784815952.934669018,6.263472080,0.297380019,-0.381966170,1.200000000,-1.096162706
1784815952.992141247,6.320944309,0.307669491,-0.405927297,1.200000000,-1.104275031
1784815953.048779726,6.377582788,0.320935359,-0.428740330,1.200000000,-1.084003684
1784815953.109131098,6.437934160,0.332214947,-0.452302889,1.200000000,-1.081248766
1784815953.169523001,6.498326063,0.345551781,-0.474941705,1.200000000,-1.005845543
1784815953.228577852,6.557380915,0.360365818,-0.496714152,1.200000000,-0.957704979
1784815953.289757967,6.618561029,0.375867087,-0.518031970,1.200000000,-0.887236275
1784815953.347742319,6.676545382,0.393627737,-0.537548042,1.200000000,-0.837328250
1784815953.407353878,6.736156940,0.411125343,-0.557156402,1.200000000,-0.830608565
1784815953.466911793,6.795714855,0.429052473,-0.576329979,1.200000000,-0.769942268
1784815953.524029255,6.852832317,0.448866212,-0.593748300,1.200000000,-0.758668730
1784815953.585116863,6.913919926,0.467108911,-0.612404468,1.200000000,-0.717289317
1784815953.639631271,6.968434334,0.488294577,-0.628141008,1.200000000,-0.670570704
1784815953.698527813,7.027330875,0.508222014,-0.645014704,1.200000000,-0.637950747
1784815953.750631809,7.079434872,0.530382701,-0.659343603,1.200000000,-0.601786998
1784815953.809102297,7.137905359,0.551521143,-0.674750961,1.200000000,-0.579318627
1784815953.858583450,7.187386513,0.574284943,-0.688064232,1.200000000,-0.543571492
1784815953.913277626,7.242080688,0.596500093,-0.701931508,1.200000000,-0.518697890
1784815953.961498022,7.290301085,0.619900578,-0.714103193,1.200000000,-0.477731442
1784815954.011612415,7.340415478,0.643312396,-0.726167681,1.200000000,-0.459232695
1784815954.058895588,7.387698650,0.667138488,-0.737462032,1.200000000,-0.437843599
1784815954.106208086,7.435011148,0.691051865,-0.748516859,1.200000000,-0.406934726
1784815954.148249626,7.477052689,0.715552400,-0.758328028,1.200000000,-0.399016557
1784815954.195175886,7.523978949,0.739616548,-0.768993403,1.200000000,-0.368346541
1784815954.235267878,7.564070940,0.764671656,-0.777286203,1.200000000,-0.331613254
1784815954.277488470,7.606291533,0.789508120,-0.786172488,1.200000000,-0.317123852
1784815954.315815926,7.644618988,0.814792861,-0.793736004,1.200000000,-0.282378294
1784815954.353421688,7.682224751,0.840199411,-0.800879605,1.200000000,-0.281685621
1784815954.393536806,7.722339869,0.865473865,-0.808402084,1.200000000,-0.256922551
1784815954.429226875,7.758029938,0.891203082,-0.814279748,1.200000000,-0.230985860
1784815954.467025042,7.795828104,0.916845517,-0.820483849,1.200000000,-0.219600173
1784815954.501268864,7.830071926,0.942698478,-0.825773502,1.200000000,-0.191673156
1784815954.535474777,7.864277840,0.968657063,-0.830538161,1.200000000,-0.182963167
1784815954.569584131,7.898387194,0.994600519,-0.835377065,1.200000000,-0.173606033
1784815954.602234364,7.931037426,1.020643139,-0.839655034,1.200000000,-0.157070771
1784815954.634175777,7.962978840,1.046733789,-0.843633690,1.200000000,-0.156605383
1784815954.667246819,7.996049881,1.072778964,-0.847887193,1.200000000,-0.148347611
1784815954.698191881,8.026994944,1.098930339,-0.851434230,1.200000000,-0.130278878
1784815954.728444099,8.057247162,1.125114241,-0.854744212,1.200000000,-0.129803717
1784815954.759345293,8.088148355,1.151267396,-0.858266188,1.200000000,-0.132209068
1784815954.789985418,8.118788481,1.177430109,-0.861701427,1.200000000,-0.119818481
1784815954.819658518,8.148461580,1.203665506,-0.864574668,1.200000000,-0.110685878
1784815954.848875999,8.177679062,1.229891559,-0.867531999,1.200000000,-0.117679946
1784815954.879709244,8.208512306,1.256083388,-0.870771835,1.200000000,-0.114828009
1784815954.908468008,8.237271070,1.282325858,-0.873579529,1.200000000,-0.106439174
1784815954.937241793,8.266044855,1.308569192,-0.876379574,1.200000000,-0.117193325
1784815954.967764139,8.296567202,1.334739327,-0.879750314,1.200000000,-0.116567276
1784815954.996834755,8.325637817,1.360984510,-0.882517310,1.200000000,-0.100913306
1784815955.024341106,8.353144169,1.387253219,-0.885067726,1.200000000,-0.098651845
1784815955.052430630,8.381233692,1.413512270,-0.887716147,1.200000000,-0.102848895
1784815955.082540751,8.411343813,1.439758513,-0.890486959,1.200000000,-0.100559927
1784815955.110343456,8.439146519,1.466029431,-0.893015142,1.200000000,-0.095741506
1784815955.138444662,8.467247725,1.492301343,-0.895532916,1.200000000,-0.090744898
1784815955.167881012,8.496684074,1.518595839,-0.897798412,1.200000000,-0.080868697
1784815955.196859121,8.525662184,1.544912345,-0.899796798,1.200000000,-0.073289893
1784815955.223974466,8.552777529,1.571238492,-0.901663510,1.200000000,-0.068237261
1784815955.251018286,8.579821348,1.597573674,-0.903395851,1.200000000,-0.056070581
1784815955.280438185,8.609241247,1.623937079,-0.904621450,1.200000000,-0.050467229
1784815955.307971954,8.636775017,1.650290138,-0.906058566,1.200000000,-0.049147369
1784815955.335170746,8.663973808,1.676657034,-0.907214586,1.200000000,-0.034687704
1784815955.363901615,8.692704678,1.703032926,-0.907888826,1.200000000,-0.019593473
1784815955.393510103,8.722313166,1.729414274,-0.908248416,1.200000000,-0.023884879
1784815955.420172691,8.748975754,1.755791033,-0.909149187,1.200000000,-0.029724684
1784815955.447438240,8.776241302,1.782174783,-0.909817167,1.200000000,-0.007633487
1784815955.478257179,8.807060242,1.808562220,-0.909552023,1.200000000,-0.001716933
1784815955.504700422,8.833503485,1.834952085,-0.909907782,1.200000000,-0.012259281
1784815955.530958891,8.859761953,1.861342769,-0.910199107,1.200000000,-0.004886240
1784815955.559148550,8.887951612,1.887732065,-0.910165680,1.200000000,0.007523437
1784815955.587974310,8.916777372,1.914120069,-0.909802033,1.200000000,0.009468774
1784815955.613990068,8.942793131,1.940511892,-0.909665905,1.200000000,0.009406256
1784815955.640628815,8.969431877,1.966901626,-0.909305541,1.200000000,0.026994390
1784815955.669987202,8.998790264,1.993269180,-0.908241408,1.200000000,0.034699390
1784815955.697870016,9.026673079,2.019649989,-0.907474470,1.200000000,0.030828921
1784815955.724220276,9.053023338,2.046028150,-0.906614390,1.200000000,0.037534426
1784815955.750648975,9.079452038,2.072396453,-0.905493732,1.200000000,0.057230415
1784815955.780745029,9.109548092,2.098719087,-0.903595570,1.200000000,0.067159672
1784815955.808777332,9.137580395,2.125060091,-0.901951532,1.200000000,0.067005912
1784815955.836338282,9.165141344,2.151384474,-0.900061387,1.200000000,0.080930698
1784815955.863915920,9.192718983,2.177668618,-0.897684567,1.200000000,0.102044811
1784815955.896529675,9.225332737,2.203889367,-0.894684859,1.200000000,0.114012419
1784815955.923999786,9.252802849,2.230109719,-0.891679589,1.200000000,0.122619301
1784815955.952691555,9.281494617,2.256274937,-0.888228989,1.200000000,0.140466591
1784815955.984557152,9.313360214,2.282371585,-0.884289877,1.200000000,0.154160998
1784815956.013137102,9.341940165,2.308432696,-0.880123988,1.200000000,0.167990677
1784815956.042009354,9.370812416,2.334410063,-0.875464723,1.200000000,0.195089290
1784815956.075417519,9.404220581,2.360204798,-0.869893687,1.200000000,0.208645091
1784815956.104976654,9.433779716,2.386046599,-0.864531906,1.200000000,0.214620163
1784815956.134535551,9.463338614,2.411775109,-0.858652531,1.200000000,0.239024056
1784815956.167618990,9.496422052,2.437322082,-0.852036965,1.200000000,0.255682217
1784815956.198403358,9.527206421,2.462840944,-0.845303744,1.200000000,0.266245014
1784815956.228515148,9.557318211,2.488244399,-0.838149445,1.200000000,0.284495676
1784815956.259329081,9.588132143,2.513499122,-0.830489870,1.200000000,0.307833992
1784815956.292050600,9.620853662,2.538540598,-0.822158226,1.200000000,0.320662520
1784815956.322870970,9.651674032,2.563591644,-0.813852899,1.200000000,0.327473820
1784815956.354240656,9.683043718,2.588517800,-0.805180734,1.200000000,0.354549662
1784815956.389520884,9.718323946,2.613081654,-0.795532044,1.200000000,0.372494265
1784815956.420574427,9.749377489,2.637680884,-0.785970974,1.200000000,0.377504561
1784815956.452291727,9.781094790,2.662147250,-0.776076453,1.200000000,0.399943960
1784815956.488668203,9.817471266,2.686291777,-0.765421830,1.200000000,0.415203885
1784815956.520050287,9.848853350,2.710445140,-0.754785188,1.200000000,0.424668285
1784815956.551343679,9.880146742,2.734384590,-0.743675050,1.200000000,0.458477770
1784815956.588432550,9.917235613,2.757759587,-0.731432939,1.200000000,0.473820291
1784815956.620342731,9.949145794,2.781346912,-0.719593650,1.200000000,0.474038765
1784815956.652846336,9.981649399,2.804721086,-0.707339001,1.200000000,0.510217311
1784815956.689828396,10.018631458,2.827385209,-0.693828591,1.200000000,0.530151965
1784815956.722017765,10.050820827,2.850252192,-0.680652256,1.200000000,0.533901554
1784815956.755608559,10.084411621,2.872818990,-0.666969502,1.200000000,0.573340290
1784815956.792488098,10.121291161,2.894567212,-0.652038433,1.200000000,0.589280574
1784815956.825418949,10.154222012,2.916687134,-0.637643025,1.200000000,0.592340047
1784815956.859057188,10.187860250,2.938346080,-0.622577441,1.200000000,0.634461036
1784815956.895823717,10.224626780,2.959160644,-0.606383811,1.200000000,0.646706081
1784815956.928946495,10.257749557,2.980450922,-0.590787449,1.200000000,0.652491696
1784815956.963210344,10.292013407,3.001071726,-0.574357729,1.200000000,0.691901240
1784815956.999931097,10.328734159,3.021050815,-0.557148917,1.200000000,0.701187586
1784815957.033510208,10.362313271,3.041382809,-0.540322254,1.200000000,0.715376992
1784815957.069772482,10.398575544,3.060863061,-0.522555196,1.200000000,0.736660707
1784815957.105286837,10.434089899,3.080456742,-0.504882793,1.200000000,0.731523159
1784815957.139359236,10.468162298,3.100138263,-0.487299249,1.200000000,0.744178185
1784815957.176192760,10.504995823,3.119278340,-0.469136619,1.200000000,0.759091041
1784815957.211033583,10.539836645,3.138426231,-0.450974578,1.200000000,0.759855054
1784815957.247025013,10.575828075,3.157542984,-0.432778486,1.200000000,0.778341346
1784815957.285698414,10.614501476,3.176003135,-0.413924313,1.200000000,0.787978472
1784815957.322602034,10.651405096,3.194765609,-0.395363273,1.200000000,0.790989615
1784815957.360427856,10.689230919,3.213109251,-0.376400906,1.200000000,0.821409674
1784815957.402286530,10.731089592,3.230694782,-0.356748499,1.200000000,0.828288264
1784815957.442970753,10.771773815,3.248781999,-0.337528966,1.200000000,0.850953492
1784815957.488399029,10.817202091,3.265450696,-0.317108540,1.200000000,0.870672941
1784815957.531178236,10.859981298,3.282766010,-0.297191829,1.200000000,0.901954827
1784815957.580486536,10.909289598,3.298091409,-0.275810538,1.200000000,0.930374065
1784815957.628028154,10.956831217,3.314249082,-0.254944035,1.200000000,0.945104990
1784815957.680864573,11.009667635,3.328957225,-0.233091823,1.200000000,0.966291448
1784815957.731666565,11.060469627,3.344217541,-0.211559941,1.200000000,0.994291332
1784815957.789696217,11.118499279,3.357655532,-0.188953119,1.200000000,1.002149001
1784815957.844256163,11.173059225,3.372576092,-0.167184653,1.200000000,0.994323151
1784815957.906737328,11.235540390,3.386375412,-0.144778159,1.200000000,0.998275278
1784815957.968215227,11.297018290,3.401115448,-0.122905401,1.200000000,0.965369968
1784815958.030053139,11.358856201,3.416398048,-0.101401164,1.200000000,0.951898499
1784815958.098023176,11.426826239,3.431710002,-0.079950386,1.200000000,0.931325234
1784815958.165701151,11.494504213,3.447829664,-0.059138579,1.200000000,0.899112512
1784815958.237221479,11.566024542,3.464465193,-0.038748812,1.200000000,0.871708422
1784815958.314029932,11.642832994,3.481686084,-0.018868333,1.200000000,0.828637867
1784815958.396972895,11.725775957,3.500000000,0.000000000,1.200000000,0.800307858
