iteration,label,d1,d2,loss,loss_mode,imitation_loss,position_loss,yaw_loss,feasibility_loss,feasibility_margin_available,feasibility_margin_source,feasibility_min_clearance_1,feasibility_min_clearance_2,feasibility_min_margin_1,feasibility_min_margin_2,feasibility_violation_1,feasibility_violation_2,failure_status_penalty_applied,status,completed_waypoints,waypoint_count,failure_count,failure_reasons,executed_path_length,executed_min_clearance_1,executed_min_clearance_2,executed_min_margin_1,executed_min_margin_2,candidate_path_length,candidate_min_clearance_1,candidate_min_clearance_2,candidate_min_margin_1,candidate_min_margin_2,planned_min_clearance_1,planned_min_clearance_2,planned_min_margin_1,planned_min_margin_2,duration_sec,run_dir,eval_run_dir,trajectory_csv,eval_mode,candidate_source,source_trajectory_csv,selected_planned_trajectory_count,rho_astar_waypoint,rho_astar_waypoint_stage2,enable_tail_constraint,minco_warm_start_cache,minco_warm_start_cache_force_reuse,irl_collision_weight_scale,irl_obs_optimization_margin,safety_zone_buffer,analytic_safety_radius_1,analytic_safety_radius_2,s_guide_mode,s_guide_csv,s_guide_json,s_guide_target_clearance_1,s_guide_target_clearance_2,s_guide_min_clearance_1,s_guide_min_clearance_2,s_guide_clearance_floor_1,s_guide_clearance_floor_2,s_guide_demo_clearance_1,s_guide_demo_clearance_2,s_guide_demo_floor_margin,candidate_load_error
0,current,0.01,0.1,0.24679323793621488,imitation_plus_feasibility,0.24679323793621488,0.24679323793621488,0.09428078931905519,0.0,True,summary,0.025130155961446854,0.11672772667401271,0.015130155961446854,0.016727726674012705,0.0,0.0,0.0,success,1,1,0,,,,,,,9.031726779769093,0.025130155961446854,0.11672772667401271,0.015130155961446854,0.016727726674012705,0.025130155961446854,0.11672772667401271,0.015130155961446854,0.016727726674012705,3.7578675746917725,/home/gwx/airgrasp_ws/src/airgrasp_planning/airgrasp_minco_irl/results/runs/irl_fd_manual_20260724_161550/evaluations/iter_00_single_shot_persistent_batch/case_00_current_d1_0.010_d2_0.100,/home/gwx/airgrasp_ws/src/airgrasp_planning/airgrasp_minco_irl/results/runs/irl_fd_manual_20260724_161550/evaluations/iter_00_single_shot_persistent_batch,/home/gwx/airgrasp_ws/src/airgrasp_planning/airgrasp_minco_irl/results/runs/irl_fd_manual_20260724_161550/evaluations/iter_00_single_shot_persistent_batch/case_00_current_d1_0.010_d2_0.100/candidate_planned_path.csv,single_shot,planned,/home/gwx/airgrasp_ws/src/airgrasp_planning/airgrasp_minco_irl/results/runs/irl_fd_manual_20260724_161550/evaluations/iter_00_single_shot_persistent_batch/case_00_current_d1_0.010_d2_0.100/planned_trajectories.csv,1,100000.0,0.0,False,True,True,5.0,0.02,0,0.551937,0.77432,fixed,,,,,,,,,,,,
0,d1_plus,0.025,0.1,0.24885131318901035,imitation_plus_feasibility,0.24885131318901035,0.24885131318901035,0.09342952638847367,0.0,True,summary,0.04042769358683673,0.11665743298857406,0.015427693586836731,0.016657432988574056,0.0,0.0,0.0,success,1,1,0,,,,,,,9.04065419602348,0.04042769358683673,0.11665743298857406,0.015427693586836731,0.016657432988574056,0.04042769358683673,0.11665743298857406,0.015427693586836731,0.016657432988574056,3.803638458251953,/home/gwx/airgrasp_ws/src/airgrasp_planning/airgrasp_minco_irl/results/runs/irl_fd_manual_20260724_161550/evaluations/iter_00_single_shot_persistent_batch/case_01_d1_plus_d1_0.025_d2_0.100,/home/gwx/airgrasp_ws/src/airgrasp_planning/airgrasp_minco_irl/results/runs/irl_fd_manual_20260724_161550/evaluations/iter_00_single_shot_persistent_batch,/home/gwx/airgrasp_ws/src/airgrasp_planning/airgrasp_minco_irl/results/runs/irl_fd_manual_20260724_161550/evaluations/iter_00_single_shot_persistent_batch/case_01_d1_plus_d1_0.025_d2_0.100/candidate_planned_path.csv,single_shot,planned,/home/gwx/airgrasp_ws/src/airgrasp_planning/airgrasp_minco_irl/results/runs/irl_fd_manual_20260724_161550/evaluations/iter_00_single_shot_persistent_batch/case_01_d1_plus_d1_0.025_d2_0.100/planned_trajectories.csv,1,100000.0,0.0,False,True,True,5.0,0.02,0,0.566937,0.77432,fixed,,,,,,,,,,,,
0,d1_minus,0.005,0.1,0.247162121344579,imitation_plus_feasibility,0.247162121344579,0.247162121344579,0.09470313443809314,0.0,True,summary,0.020088155789331763,0.11793102132225136,0.015088155789331762,0.017931021322251356,0.0,0.0,0.0,success,1,1,0,,,,,,,9.032756342837951,0.020088155789331763,0.11793102132225136,0.015088155789331762,0.017931021322251356,0.020088155789331763,0.11793102132225136,0.015088155789331762,0.017931021322251356,3.7057251930236816,/home/gwx/airgrasp_ws/src/airgrasp_planning/airgrasp_minco_irl/results/runs/irl_fd_manual_20260724_161550/evaluations/iter_00_single_shot_persistent_batch/case_02_d1_minus_d1_0.005_d2_0.100,/home/gwx/airgrasp_ws/src/airgrasp_planning/airgrasp_minco_irl/results/runs/irl_fd_manual_20260724_161550/evaluations/iter_00_single_shot_persistent_batch,/home/gwx/airgrasp_ws/src/airgrasp_planning/airgrasp_minco_irl/results/runs/irl_fd_manual_20260724_161550/evaluations/iter_00_single_shot_persistent_batch/case_02_d1_minus_d1_0.005_d2_0.100/candidate_planned_path.csv,single_shot,planned,/home/gwx/airgrasp_ws/src/airgrasp_planning/airgrasp_minco_irl/results/runs/irl_fd_manual_20260724_161550/evaluations/iter_00_single_shot_persistent_batch/case_02_d1_minus_d1_0.005_d2_0.100/planned_trajectories.csv,1,100000.0,0.0,False,True,True,5.0,0.02,0,0.546937,0.77432,fixed,,,,,,,,,,,,
0,d2_plus,0.01,0.115,0.24306614695102188,imitation_plus_feasibility,0.24306614695102188,0.24306614695102188,0.09269427474700866,0.0,True,summary,0.02493930170260017,0.13160249892997639,0.01493930170260017,0.01660249892997638,0.0,0.0,0.0,success,1,1,0,,,,,,,9.044252434566367,0.02493930170260017,0.13160249892997639,0.01493930170260017,0.01660249892997638,0.02493930170260017,0.13160249892997639,0.01493930170260017,0.01660249892997638,3.706909418106079,/home/gwx/airgrasp_ws/src/airgrasp_planning/airgrasp_minco_irl/results/runs/irl_fd_manual_20260724_161550/evaluations/iter_00_single_shot_persistent_batch/case_03_d2_plus_d1_0.010_d2_0.115,/home/gwx/airgrasp_ws/src/airgrasp_planning/airgrasp_minco_irl/results/runs/irl_fd_manual_20260724_161550/evaluations/iter_00_single_shot_persistent_batch,/home/gwx/airgrasp_ws/src/airgrasp_planning/airgrasp_minco_irl/results/runs/irl_fd_manual_20260724_161550/evaluations/iter_00_single_shot_persistent_batch/case_03_d2_plus_d1_0.010_d2_0.115/candidate_planned_path.csv,single_shot,planned,/home/gwx/airgrasp_ws/src/airgrasp_planning/airgrasp_minco_irl/results/runs/irl_fd_manual_20260724_161550/evaluations/iter_00_single_shot_persistent_batch/case_03_d2_plus_d1_0.010_d2_0.115/planned_trajectories.csv,1,100000.0,0.0,False,True,True,5.0,0.02,0,0.551937,0.78932,fixed,,,,,,,,,,,,
0,d2_minus,0.01,0.085,0.2516518613913713,imitation_plus_feasibility,0.2516518613913713,0.2516518613913713,0.09434311369124687,0.0,True,summary,0.025020950252394036,0.1014655359474454,0.015020950252394036,0.01646553594744539,0.0,0.0,0.0,success,1,1,0,,,,,,,9.01680498184736,0.025020950252394036,0.1014655359474454,0.015020950252394036,0.01646553594744539,0.025020950252394036,0.1014655359474454,0.015020950252394036,0.01646553594744539,3.704050302505493,/home/gwx/airgrasp_ws/src/airgrasp_planning/airgrasp_minco_irl/results/runs/irl_fd_manual_20260724_161550/evaluations/iter_00_single_shot_persistent_batch/case_04_d2_minus_d1_0.010_d2_0.085,/home/gwx/airgrasp_ws/src/airgrasp_planning/airgrasp_minco_irl/results/runs/irl_fd_manual_20260724_161550/evaluations/iter_00_single_shot_persistent_batch,/home/gwx/airgrasp_ws/src/airgrasp_planning/airgrasp_minco_irl/results/runs/irl_fd_manual_20260724_161550/evaluations/iter_00_single_shot_persistent_batch/case_04_d2_minus_d1_0.010_d2_0.085/candidate_planned_path.csv,single_shot,planned,/home/gwx/airgrasp_ws/src/airgrasp_planning/airgrasp_minco_irl/results/runs/irl_fd_manual_20260724_161550/evaluations/iter_00_single_shot_persistent_batch/case_04_d2_minus_d1_0.010_d2_0.085/planned_trajectories.csv,1,100000.0,0.0,False,True,True,5.0,0.02,0,0.551937,0.75932,fixed,,,,,,,,,,,,
1,current,0.01,0.115,0.24306614695102188,imitation_plus_feasibility,0.24306614695102188,0.24306614695102188,0.09269427474700866,0.0,True,summary,0.02493930170260017,0.13160249892997639,0.01493930170260017,0.01660249892997638,0.0,0.0,0.0,success,1,1,0,,,,,,,9.044252434566367,0.02493930170260017,0.13160249892997639,0.01493930170260017,0.01660249892997638,0.02493930170260017,0.13160249892997639,0.01493930170260017,0.01660249892997638,3.7156245708465576,/home/gwx/airgrasp_ws/src/airgrasp_planning/airgrasp_minco_irl/results/runs/irl_fd_manual_20260724_161550/evaluations/iter_01_single_shot_persistent_batch/case_00_current_d1_0.010_d2_0.115,/home/gwx/airgrasp_ws/src/airgrasp_planning/airgrasp_minco_irl/results/runs/irl_fd_manual_20260724_161550/evaluations/iter_01_single_shot_persistent_batch,/home/gwx/airgrasp_ws/src/airgrasp_planning/airgrasp_minco_irl/results/runs/irl_fd_manual_20260724_161550/evaluations/iter_01_single_shot_persistent_batch/case_00_current_d1_0.010_d2_0.115/candidate_planned_path.csv,single_shot,planned,/home/gwx/airgrasp_ws/src/airgrasp_planning/airgrasp_minco_irl/results/runs/irl_fd_manual_20260724_161550/evaluations/iter_01_single_shot_persistent_batch/case_00_current_d1_0.010_d2_0.115/planned_trajectories.csv,1,100000.0,0.0,False,True,True,5.0,0.02,0,0.551937,0.78932,fixed,,,,,,,,,,,,
1,d1_plus,0.025,0.115,0.24416150592924482,imitation_plus_feasibility,0.24416150592924482,0.24416150592924482,0.0925272920452064,0.0,True,summary,0.04046381645147723,0.131575524401284,0.015463816451477229,0.016575524401284,0.0,0.0,0.0,success,1,1,0,,,,,,,9.056553539981868,0.04046381645147723,0.131575524401284,0.015463816451477229,0.016575524401284,0.04046381645147723,0.131575524401284,0.015463816451477229,0.016575524401284,3.8148324489593506,/home/gwx/airgrasp_ws/src/airgrasp_planning/airgrasp_minco_irl/results/runs/irl_fd_manual_20260724_161550/evaluations/iter_01_single_shot_persistent_batch/case_01_d1_plus_d1_0.025_d2_0.115,/home/gwx/airgrasp_ws/src/airgrasp_planning/airgrasp_minco_irl/results/runs/irl_fd_manual_20260724_161550/evaluations/iter_01_single_shot_persistent_batch,/home/gwx/airgrasp_ws/src/airgrasp_planning/airgrasp_minco_irl/results/runs/irl_fd_manual_20260724_161550/evaluations/iter_01_single_shot_persistent_batch/case_01_d1_plus_d1_0.025_d2_0.115/candidate_planned_path.csv,single_shot,planned,/home/gwx/airgrasp_ws/src/airgrasp_planning/airgrasp_minco_irl/results/runs/irl_fd_manual_20260724_161550/evaluations/iter_01_single_shot_persistent_batch/case_01_d1_plus_d1_0.025_d2_0.115/planned_trajectories.csv,1,100000.0,0.0,False,True,True,5.0,0.02,0,0.566937,0.78932,fixed,,,,,,,,,,,,
1,d1_minus,0.005,0.115,0.24212562742654048,imitation_plus_feasibility,0.24212562742654048,0.24212562742654048,0.09874190514240314,0.0,True,summary,0.019540383551458707,0.13140498866824507,0.014540383551458706,0.016404988668245066,0.0,0.0,0.0,success,1,1,0,,,,,,,9.04509716641063,0.019540383551458707,0.13140498866824507,0.014540383551458706,0.016404988668245066,0.019540383551458707,0.13140498866824507,0.014540383551458706,0.016404988668245066,3.7550508975982666,/home/gwx/airgrasp_ws/src/airgrasp_planning/airgrasp_minco_irl/results/runs/irl_fd_manual_20260724_161550/evaluations/iter_01_single_shot_persistent_batch/case_02_d1_minus_d1_0.005_d2_0.115,/home/gwx/airgrasp_ws/src/airgrasp_planning/airgrasp_minco_irl/results/runs/irl_fd_manual_20260724_161550/evaluations/iter_01_single_shot_persistent_batch,/home/gwx/airgrasp_ws/src/airgrasp_planning/airgrasp_minco_irl/results/runs/irl_fd_manual_20260724_161550/evaluations/iter_01_single_shot_persistent_batch/case_02_d1_minus_d1_0.005_d2_0.115/candidate_planned_path.csv,single_shot,planned,/home/gwx/airgrasp_ws/src/airgrasp_planning/airgrasp_minco_irl/results/runs/irl_fd_manual_20260724_161550/evaluations/iter_01_single_shot_persistent_batch/case_02_d1_minus_d1_0.005_d2_0.115/planned_trajectories.csv,1,100000.0,0.0,False,True,True,5.0,0.02,0,0.546937,0.78932,fixed,,,,,,,,,,,,
1,d2_plus,0.01,0.13,0.23716359424400374,imitation_plus_feasibility,0.23716359424400374,0.23716359424400374,0.09446412797674719,0.0,True,summary,0.024997621896757916,0.1470879374142437,0.014997621896757915,0.017087937414243692,0.0,0.0,0.0,success,1,1,0,,,,,,,9.061986008353093,0.024997621896757916,0.1470879374142437,0.014997621896757915,0.017087937414243692,0.024997621896757916,0.1470879374142437,0.014997621896757915,0.017087937414243692,3.7044742107391357,/home/gwx/airgrasp_ws/src/airgrasp_planning/airgrasp_minco_irl/results/runs/irl_fd_manual_20260724_161550/evaluations/iter_01_single_shot_persistent_batch/case_03_d2_plus_d1_0.010_d2_0.130,/home/gwx/airgrasp_ws/src/airgrasp_planning/airgrasp_minco_irl/results/runs/irl_fd_manual_20260724_161550/evaluations/iter_01_single_shot_persistent_batch,/home/gwx/airgrasp_ws/src/airgrasp_planning/airgrasp_minco_irl/results/runs/irl_fd_manual_20260724_161550/evaluations/iter_01_single_shot_persistent_batch/case_03_d2_plus_d1_0.010_d2_0.130/candidate_planned_path.csv,single_shot,planned,/home/gwx/airgrasp_ws/src/airgrasp_planning/airgrasp_minco_irl/results/runs/irl_fd_manual_20260724_161550/evaluations/iter_01_single_shot_persistent_batch/case_03_d2_plus_d1_0.010_d2_0.130/planned_trajectories.csv,1,100000.0,0.0,False,True,True,5.0,0.02,0,0.551937,0.80432,fixed,,,,,,,,,,,,
1,d2_minus,0.01,0.1,0.24679323793621488,imitation_plus_feasibility,0.24679323793621488,0.24679323793621488,0.09428078931905519,0.0,True,summary,0.025130155961446854,0.11672772667401271,0.015130155961446854,0.016727726674012705,0.0,0.0,0.0,success,1,1,0,,,,,,,9.031726779769093,0.025130155961446854,0.11672772667401271,0.015130155961446854,0.016727726674012705,0.025130155961446854,0.11672772667401271,0.015130155961446854,0.016727726674012705,3.7575573921203613,/home/gwx/airgrasp_ws/src/airgrasp_planning/airgrasp_minco_irl/results/runs/irl_fd_manual_20260724_161550/evaluations/iter_01_single_shot_persistent_batch/case_04_d2_minus_d1_0.010_d2_0.100,/home/gwx/airgrasp_ws/src/airgrasp_planning/airgrasp_minco_irl/results/runs/irl_fd_manual_20260724_161550/evaluations/iter_01_single_shot_persistent_batch,/home/gwx/airgrasp_ws/src/airgrasp_planning/airgrasp_minco_irl/results/runs/irl_fd_manual_20260724_161550/evaluations/iter_01_single_shot_persistent_batch/case_04_d2_minus_d1_0.010_d2_0.100/candidate_planned_path.csv,single_shot,planned,/home/gwx/airgrasp_ws/src/airgrasp_planning/airgrasp_minco_irl/results/runs/irl_fd_manual_20260724_161550/evaluations/iter_01_single_shot_persistent_batch/case_04_d2_minus_d1_0.010_d2_0.100/planned_trajectories.csv,1,100000.0,0.0,False,True,True,5.0,0.02,0,0.551937,0.77432,fixed,,,,,,,,,,,,
2,current,0.01,0.13,0.23716359424400374,imitation_plus_feasibility,0.23716359424400374,0.23716359424400374,0.09446412797674719,0.0,True,summary,0.024997621896757916,0.1470879374142437,0.014997621896757915,0.017087937414243692,0.0,0.0,0.0,success,1,1,0,,,,,,,9.061986008353093,0.024997621896757916,0.1470879374142437,0.014997621896757915,0.017087937414243692,0.024997621896757916,0.1470879374142437,0.014997621896757915,0.017087937414243692,3.7596800327301025,/home/gwx/airgrasp_ws/src/airgrasp_planning/airgrasp_minco_irl/results/runs/irl_fd_manual_20260724_161550/evaluations/iter_02_single_shot_persistent_batch/case_00_current_d1_0.010_d2_0.130,/home/gwx/airgrasp_ws/src/airgrasp_planning/airgrasp_minco_irl/results/runs/irl_fd_manual_20260724_161550/evaluations/iter_02_single_shot_persistent_batch,/home/gwx/airgrasp_ws/src/airgrasp_planning/airgrasp_minco_irl/results/runs/irl_fd_manual_20260724_161550/evaluations/iter_02_single_shot_persistent_batch/case_00_current_d1_0.010_d2_0.130/candidate_planned_path.csv,single_shot,planned,/home/gwx/airgrasp_ws/src/airgrasp_planning/airgrasp_minco_irl/results/runs/irl_fd_manual_20260724_161550/evaluations/iter_02_single_shot_persistent_batch/case_00_current_d1_0.010_d2_0.130/planned_trajectories.csv,1,100000.0,0.0,False,True,True,5.0,0.02,0,0.551937,0.80432,fixed,,,,,,,,,,,,
2,d1_plus,0.025,0.13,0.23901584893126457,imitation_plus_feasibility,0.23901584893126457,0.23901584893126457,0.09445203111740379,0.0,True,summary,0.03980392088114337,0.146509808743098,0.014803920881143372,0.016509808743097987,0.0,0.0,0.0,success,1,1,0,,,,,,,9.069683992897982,0.03980392088114337,0.146509808743098,0.014803920881143372,0.016509808743097987,0.03980392088114337,0.146509808743098,0.014803920881143372,0.016509808743097987,3.75840425491333,/home/gwx/airgrasp_ws/src/airgrasp_planning/airgrasp_minco_irl/results/runs/irl_fd_manual_20260724_161550/evaluations/iter_02_single_shot_persistent_batch/case_01_d1_plus_d1_0.025_d2_0.130,/home/gwx/airgrasp_ws/src/airgrasp_planning/airgrasp_minco_irl/results/runs/irl_fd_manual_20260724_161550/evaluations/iter_02_single_shot_persistent_batch,/home/gwx/airgrasp_ws/src/airgrasp_planning/airgrasp_minco_irl/results/runs/irl_fd_manual_20260724_161550/evaluations/iter_02_single_shot_persistent_batch/case_01_d1_plus_d1_0.025_d2_0.130/candidate_planned_path.csv,single_shot,planned,/home/gwx/airgrasp_ws/src/airgrasp_planning/airgrasp_minco_irl/results/runs/irl_fd_manual_20260724_161550/evaluations/iter_02_single_shot_persistent_batch/case_01_d1_plus_d1_0.025_d2_0.130/planned_trajectories.csv,1,100000.0,0.0,False,True,True,5.0,0.02,0,0.566937,0.80432,fixed,,,,,,,,,,,,
2,d1_minus,0.005,0.13,0.2383079567614884,imitation_plus_feasibility,0.2383079567614884,0.2383079567614884,0.09163646189987619,0.0,True,summary,0.020044878655095077,0.14687906908377563,0.015044878655095077,0.016879069083775622,0.0,0.0,0.0,success,1,1,0,,,,,,,9.056673991351166,0.020044878655095077,0.14687906908377563,0.015044878655095077,0.016879069083775622,0.020044878655095077,0.14687906908377563,0.015044878655095077,0.016879069083775622,3.7025978565216064,/home/gwx/airgrasp_ws/src/airgrasp_planning/airgrasp_minco_irl/results/runs/irl_fd_manual_20260724_161550/evaluations/iter_02_single_shot_persistent_batch/case_02_d1_minus_d1_0.005_d2_0.130,/home/gwx/airgrasp_ws/src/airgrasp_planning/airgrasp_minco_irl/results/runs/irl_fd_manual_20260724_161550/evaluations/iter_02_single_shot_persistent_batch,/home/gwx/airgrasp_ws/src/airgrasp_planning/airgrasp_minco_irl/results/runs/irl_fd_manual_20260724_161550/evaluations/iter_02_single_shot_persistent_batch/case_02_d1_minus_d1_0.005_d2_0.130/candidate_planned_path.csv,single_shot,planned,/home/gwx/airgrasp_ws/src/airgrasp_planning/airgrasp_minco_irl/results/runs/irl_fd_manual_20260724_161550/evaluations/iter_02_single_shot_persistent_batch/case_02_d1_minus_d1_0.005_d2_0.130/planned_trajectories.csv,1,100000.0,0.0,False,True,True,5.0,0.02,0,0.546937,0.80432,fixed,,,,,,,,,,,,
2,d2_plus,0.01,0.14500000000000002,0.2344724133619693,imitation_plus_feasibility,0.2344724133619693,0.2344724133619693,0.09748087931232398,0.0,True,summary,0.025035261757555105,0.16167751634475985,0.015035261757555105,0.016677516344759835,0.0,0.0,0.0,success,1,1,0,,,,,,,9.07429409978455,0.025035261757555105,0.16167751634475985,0.015035261757555105,0.016677516344759835,0.025035261757555105,0.16167751634475985,0.015035261757555105,0.016677516344759835,3.7545456886291504,/home/gwx/airgrasp_ws/src/airgrasp_planning/airgrasp_minco_irl/results/runs/irl_fd_manual_20260724_161550/evaluations/iter_02_single_shot_persistent_batch/case_03_d2_plus_d1_0.010_d2_0.145,/home/gwx/airgrasp_ws/src/airgrasp_planning/airgrasp_minco_irl/results/runs/irl_fd_manual_20260724_161550/evaluations/iter_02_single_shot_persistent_batch,/home/gwx/airgrasp_ws/src/airgrasp_planning/airgrasp_minco_irl/results/runs/irl_fd_manual_20260724_161550/evaluations/iter_02_single_shot_persistent_batch/case_03_d2_plus_d1_0.010_d2_0.145/candidate_planned_path.csv,single_shot,planned,/home/gwx/airgrasp_ws/src/airgrasp_planning/airgrasp_minco_irl/results/runs/irl_fd_manual_20260724_161550/evaluations/iter_02_single_shot_persistent_batch/case_03_d2_plus_d1_0.010_d2_0.145/planned_trajectories.csv,1,100000.0,0.0,False,True,True,5.0,0.02,0,0.551937,0.81932,fixed,,,,,,,,,,,,
2,d2_minus,0.01,0.115,0.24306614695102188,imitation_plus_feasibility,0.24306614695102188,0.24306614695102188,0.09269427474700866,0.0,True,summary,0.02493930170260017,0.13160249892997639,0.01493930170260017,0.01660249892997638,0.0,0.0,0.0,success,1,1,0,,,,,,,9.044252434566367,0.02493930170260017,0.13160249892997639,0.01493930170260017,0.01660249892997638,0.02493930170260017,0.13160249892997639,0.01493930170260017,0.01660249892997638,3.703150749206543,/home/gwx/airgrasp_ws/src/airgrasp_planning/airgrasp_minco_irl/results/runs/irl_fd_manual_20260724_161550/evaluations/iter_02_single_shot_persistent_batch/case_04_d2_minus_d1_0.010_d2_0.115,/home/gwx/airgrasp_ws/src/airgrasp_planning/airgrasp_minco_irl/results/runs/irl_fd_manual_20260724_161550/evaluations/iter_02_single_shot_persistent_batch,/home/gwx/airgrasp_ws/src/airgrasp_planning/airgrasp_minco_irl/results/runs/irl_fd_manual_20260724_161550/evaluations/iter_02_single_shot_persistent_batch/case_04_d2_minus_d1_0.010_d2_0.115/candidate_planned_path.csv,single_shot,planned,/home/gwx/airgrasp_ws/src/airgrasp_planning/airgrasp_minco_irl/results/runs/irl_fd_manual_20260724_161550/evaluations/iter_02_single_shot_persistent_batch/case_04_d2_minus_d1_0.010_d2_0.115/planned_trajectories.csv,1,100000.0,0.0,False,True,True,5.0,0.02,0,0.551937,0.78932,fixed,,,,,,,,,,,,
3,current,0.01,0.14500000000000002,0.2344724133619693,imitation_plus_feasibility,0.2344724133619693,0.2344724133619693,0.09748087931232398,0.0,True,summary,0.025035261757555105,0.16167751634475985,0.015035261757555105,0.016677516344759835,0.0,0.0,0.0,success,1,1,0,,,,,,,9.07429409978455,0.025035261757555105,0.16167751634475985,0.015035261757555105,0.016677516344759835,0.025035261757555105,0.16167751634475985,0.015035261757555105,0.016677516344759835,3.7082247734069824,/home/gwx/airgrasp_ws/src/airgrasp_planning/airgrasp_minco_irl/results/runs/irl_fd_manual_20260724_161550/evaluations/iter_03_single_shot_persistent_batch/case_00_current_d1_0.010_d2_0.145,/home/gwx/airgrasp_ws/src/airgrasp_planning/airgrasp_minco_irl/results/runs/irl_fd_manual_20260724_161550/evaluations/iter_03_single_shot_persistent_batch,/home/gwx/airgrasp_ws/src/airgrasp_planning/airgrasp_minco_irl/results/runs/irl_fd_manual_20260724_161550/evaluations/iter_03_single_shot_persistent_batch/case_00_current_d1_0.010_d2_0.145/candidate_planned_path.csv,single_shot,planned,/home/gwx/airgrasp_ws/src/airgrasp_planning/airgrasp_minco_irl/results/runs/irl_fd_manual_20260724_161550/evaluations/iter_03_single_shot_persistent_batch/case_00_current_d1_0.010_d2_0.145/planned_trajectories.csv,1,100000.0,0.0,False,True,True,5.0,0.02,0,0.551937,0.81932,fixed,,,,,,,,,,,,
3,d1_plus,0.025,0.14500000000000002,0.23704241726762995,imitation_plus_feasibility,0.23704241726762995,0.23704241726762995,0.09636995207766773,0.0,True,summary,0.040329256820801906,0.16179380545211458,0.015329256820801905,0.016793805452114563,0.0,0.0,0.0,success,1,1,0,,,,,,,9.079269635792869,0.040329256820801906,0.16179380545211458,0.015329256820801905,0.016793805452114563,0.040329256820801906,0.16179380545211458,0.015329256820801905,0.016793805452114563,3.7722606658935547,/home/gwx/airgrasp_ws/src/airgrasp_planning/airgrasp_minco_irl/results/runs/irl_fd_manual_20260724_161550/evaluations/iter_03_single_shot_persistent_batch/case_01_d1_plus_d1_0.025_d2_0.145,/home/gwx/airgrasp_ws/src/airgrasp_planning/airgrasp_minco_irl/results/runs/irl_fd_manual_20260724_161550/evaluations/iter_03_single_shot_persistent_batch,/home/gwx/airgrasp_ws/src/airgrasp_planning/airgrasp_minco_irl/results/runs/irl_fd_manual_20260724_161550/evaluations/iter_03_single_shot_persistent_batch/case_01_d1_plus_d1_0.025_d2_0.145/candidate_planned_path.csv,single_shot,planned,/home/gwx/airgrasp_ws/src/airgrasp_planning/airgrasp_minco_irl/results/runs/irl_fd_manual_20260724_161550/evaluations/iter_03_single_shot_persistent_batch/case_01_d1_plus_d1_0.025_d2_0.145/planned_trajectories.csv,1,100000.0,0.0,False,True,True,5.0,0.02,0,0.566937,0.81932,fixed,,,,,,,,,,,,
3,d1_minus,0.005,0.14500000000000002,0.23520467887030236,imitation_plus_feasibility,0.23520467887030236,0.23520467887030236,0.09373604900908351,0.0,True,summary,0.019915581934276005,0.16178448858555533,0.014915581934276004,0.016784488585555313,0.0,0.0,0.0,success,1,1,0,,,,,,,9.069788278184557,0.019915581934276005,0.16178448858555533,0.014915581934276004,0.016784488585555313,0.019915581934276005,0.16178448858555533,0.014915581934276004,0.016784488585555313,3.758435010910034,/home/gwx/airgrasp_ws/src/airgrasp_planning/airgrasp_minco_irl/results/runs/irl_fd_manual_20260724_161550/evaluations/iter_03_single_shot_persistent_batch/case_02_d1_minus_d1_0.005_d2_0.145,/home/gwx/airgrasp_ws/src/airgrasp_planning/airgrasp_minco_irl/results/runs/irl_fd_manual_20260724_161550/evaluations/iter_03_single_shot_persistent_batch,/home/gwx/airgrasp_ws/src/airgrasp_planning/airgrasp_minco_irl/results/runs/irl_fd_manual_20260724_161550/evaluations/iter_03_single_shot_persistent_batch/case_02_d1_minus_d1_0.005_d2_0.145/candidate_planned_path.csv,single_shot,planned,/home/gwx/airgrasp_ws/src/airgrasp_planning/airgrasp_minco_irl/results/runs/irl_fd_manual_20260724_161550/evaluations/iter_03_single_shot_persistent_batch/case_02_d1_minus_d1_0.005_d2_0.145/planned_trajectories.csv,1,100000.0,0.0,False,True,True,5.0,0.02,0,0.546937,0.81932,fixed,,,,,,,,,,,,
3,d2_plus,0.01,0.16000000000000003,0.23309558077780956,imitation_plus_feasibility,0.23309558077780956,0.23309558077780956,0.09423142837677449,0.0,True,summary,0.024956253159331587,0.17654980016044924,0.014956253159331587,0.016549800160449213,0.0,0.0,0.0,success,1,1,0,,,,,,,9.084395740241156,0.024956253159331587,0.17654980016044924,0.014956253159331587,0.016549800160449213,0.024956253159331587,0.17654980016044924,0.014956253159331587,0.016549800160449213,3.7546331882476807,/home/gwx/airgrasp_ws/src/airgrasp_planning/airgrasp_minco_irl/results/runs/irl_fd_manual_20260724_161550/evaluations/iter_03_single_shot_persistent_batch/case_03_d2_plus_d1_0.010_d2_0.160,/home/gwx/airgrasp_ws/src/airgrasp_planning/airgrasp_minco_irl/results/runs/irl_fd_manual_20260724_161550/evaluations/iter_03_single_shot_persistent_batch,/home/gwx/airgrasp_ws/src/airgrasp_planning/airgrasp_minco_irl/results/runs/irl_fd_manual_20260724_161550/evaluations/iter_03_single_shot_persistent_batch/case_03_d2_plus_d1_0.010_d2_0.160/candidate_planned_path.csv,single_shot,planned,/home/gwx/airgrasp_ws/src/airgrasp_planning/airgrasp_minco_irl/results/runs/irl_fd_manual_20260724_161550/evaluations/iter_03_single_shot_persistent_batch/case_03_d2_plus_d1_0.010_d2_0.160/planned_trajectories.csv,1,100000.0,0.0,False,True,True,5.0,0.02,0,0.551937,0.8343200000000001,fixed,,,,,,,,,,,,
3,d2_minus,0.01,0.13,0.23716359424400374,imitation_plus_feasibility,0.23716359424400374,0.23716359424400374,0.09446412797674719,0.0,True,summary,0.024997621896757916,0.1470879374142437,0.014997621896757915,0.017087937414243692,0.0,0.0,0.0,success,1,1,0,,,,,,,9.061986008353093,0.024997621896757916,0.1470879374142437,0.014997621896757915,0.017087937414243692,0.024997621896757916,0.1470879374142437,0.014997621896757915,0.017087937414243692,3.7028582096099854,/home/gwx/airgrasp_ws/src/airgrasp_planning/airgrasp_minco_irl/results/runs/irl_fd_manual_20260724_161550/evaluations/iter_03_single_shot_persistent_batch/case_04_d2_minus_d1_0.010_d2_0.130,/home/gwx/airgrasp_ws/src/airgrasp_planning/airgrasp_minco_irl/results/runs/irl_fd_manual_20260724_161550/evaluations/iter_03_single_shot_persistent_batch,/home/gwx/airgrasp_ws/src/airgrasp_planning/airgrasp_minco_irl/results/runs/irl_fd_manual_20260724_161550/evaluations/iter_03_single_shot_persistent_batch/case_04_d2_minus_d1_0.010_d2_0.130/candidate_planned_path.csv,single_shot,planned,/home/gwx/airgrasp_ws/src/airgrasp_planning/airgrasp_minco_irl/results/runs/irl_fd_manual_20260724_161550/evaluations/iter_03_single_shot_persistent_batch/case_04_d2_minus_d1_0.010_d2_0.130/planned_trajectories.csv,1,100000.0,0.0,False,True,True,5.0,0.02,0,0.551937,0.80432,fixed,,,,,,,,,,,,
4,current,0.01,0.16000000000000003,0.23309558077780956,imitation_plus_feasibility,0.23309558077780956,0.23309558077780956,0.09423142837677449,0.0,True,summary,0.024956253159331587,0.17654980016044924,0.014956253159331587,0.016549800160449213,0.0,0.0,0.0,success,1,1,0,,,,,,,9.084395740241156,0.024956253159331587,0.17654980016044924,0.014956253159331587,0.016549800160449213,0.024956253159331587,0.17654980016044924,0.014956253159331587,0.016549800160449213,3.705665349960327,/home/gwx/airgrasp_ws/src/airgrasp_planning/airgrasp_minco_irl/results/runs/irl_fd_manual_20260724_161550/evaluations/iter_04_single_shot_persistent_batch/case_00_current_d1_0.010_d2_0.160,/home/gwx/airgrasp_ws/src/airgrasp_planning/airgrasp_minco_irl/results/runs/irl_fd_manual_20260724_161550/evaluations/iter_04_single_shot_persistent_batch,/home/gwx/airgrasp_ws/src/airgrasp_planning/airgrasp_minco_irl/results/runs/irl_fd_manual_20260724_161550/evaluations/iter_04_single_shot_persistent_batch/case_00_current_d1_0.010_d2_0.160/candidate_planned_path.csv,single_shot,planned,/home/gwx/airgrasp_ws/src/airgrasp_planning/airgrasp_minco_irl/results/runs/irl_fd_manual_20260724_161550/evaluations/iter_04_single_shot_persistent_batch/case_00_current_d1_0.010_d2_0.160/planned_trajectories.csv,1,100000.0,0.0,False,True,True,5.0,0.02,0,0.551937,0.8343200000000001,fixed,,,,,,,,,,,,
4,d1_plus,0.025,0.16000000000000003,0.23568447324870584,imitation_plus_feasibility,0.23568447324870584,0.23568447324870584,0.09335864803104642,0.0,True,summary,0.04036632009483343,0.17726355601667848,0.015366320094833429,0.01726355601667845,0.0,0.0,0.0,success,1,1,0,,,,,,,9.090049090446609,0.04036632009483343,0.17726355601667848,0.015366320094833429,0.01726355601667845,0.04036632009483343,0.17726355601667848,0.015366320094833429,0.01726355601667845,3.7043066024780273,/home/gwx/airgrasp_ws/src/airgrasp_planning/airgrasp_minco_irl/results/runs/irl_fd_manual_20260724_161550/evaluations/iter_04_single_shot_persistent_batch/case_01_d1_plus_d1_0.025_d2_0.160,/home/gwx/airgrasp_ws/src/airgrasp_planning/airgrasp_minco_irl/results/runs/irl_fd_manual_20260724_161550/evaluations/iter_04_single_shot_persistent_batch,/home/gwx/airgrasp_ws/src/airgrasp_planning/airgrasp_minco_irl/results/runs/irl_fd_manual_20260724_161550/evaluations/iter_04_single_shot_persistent_batch/case_01_d1_plus_d1_0.025_d2_0.160/candidate_planned_path.csv,single_shot,planned,/home/gwx/airgrasp_ws/src/airgrasp_planning/airgrasp_minco_irl/results/runs/irl_fd_manual_20260724_161550/evaluations/iter_04_single_shot_persistent_batch/case_01_d1_plus_d1_0.025_d2_0.160/planned_trajectories.csv,1,100000.0,0.0,False,True,True,5.0,0.02,0,0.566937,0.8343200000000001,fixed,,,,,,,,,,,,
4,d1_minus,0.005,0.16000000000000003,0.2320376648457806,imitation_plus_feasibility,0.2320376648457806,0.2320376648457806,0.09069014727210174,0.0,True,summary,0.02005371202607431,0.17673059975251754,0.01505371202607431,0.016730599752517505,0.0,0.0,0.0,success,1,1,0,,,,,,,9.08424788117728,0.02005371202607431,0.17673059975251754,0.01505371202607431,0.016730599752517505,0.02005371202607431,0.17673059975251754,0.01505371202607431,0.016730599752517505,3.8581180572509766,/home/gwx/airgrasp_ws/src/airgrasp_planning/airgrasp_minco_irl/results/runs/irl_fd_manual_20260724_161550/evaluations/iter_04_single_shot_persistent_batch/case_02_d1_minus_d1_0.005_d2_0.160,/home/gwx/airgrasp_ws/src/airgrasp_planning/airgrasp_minco_irl/results/runs/irl_fd_manual_20260724_161550/evaluations/iter_04_single_shot_persistent_batch,/home/gwx/airgrasp_ws/src/airgrasp_planning/airgrasp_minco_irl/results/runs/irl_fd_manual_20260724_161550/evaluations/iter_04_single_shot_persistent_batch/case_02_d1_minus_d1_0.005_d2_0.160/candidate_planned_path.csv,single_shot,planned,/home/gwx/airgrasp_ws/src/airgrasp_planning/airgrasp_minco_irl/results/runs/irl_fd_manual_20260724_161550/evaluations/iter_04_single_shot_persistent_batch/case_02_d1_minus_d1_0.005_d2_0.160/planned_trajectories.csv,1,100000.0,0.0,False,True,True,5.0,0.02,0,0.546937,0.8343200000000001,fixed,,,,,,,,,,,,
4,d2_plus,0.01,0.17500000000000004,0.22730698859170864,imitation_plus_feasibility,0.22730698859170864,0.22730698859170864,0.09330365873561755,0.0,True,summary,0.024847486051909007,0.19193104326249916,0.014847486051909007,0.016931043262499113,0.0,0.0,0.0,success,1,1,0,,,,,,,9.102857563126602,0.024847486051909007,0.19193104326249916,0.014847486051909007,0.016931043262499113,0.024847486051909007,0.19193104326249916,0.014847486051909007,0.016931043262499113,3.807631492614746,/home/gwx/airgrasp_ws/src/airgrasp_planning/airgrasp_minco_irl/results/runs/irl_fd_manual_20260724_161550/evaluations/iter_04_single_shot_persistent_batch/case_03_d2_plus_d1_0.010_d2_0.175,/home/gwx/airgrasp_ws/src/airgrasp_planning/airgrasp_minco_irl/results/runs/irl_fd_manual_20260724_161550/evaluations/iter_04_single_shot_persistent_batch,/home/gwx/airgrasp_ws/src/airgrasp_planning/airgrasp_minco_irl/results/runs/irl_fd_manual_20260724_161550/evaluations/iter_04_single_shot_persistent_batch/case_03_d2_plus_d1_0.010_d2_0.175/candidate_planned_path.csv,single_shot,planned,/home/gwx/airgrasp_ws/src/airgrasp_planning/airgrasp_minco_irl/results/runs/irl_fd_manual_20260724_161550/evaluations/iter_04_single_shot_persistent_batch/case_03_d2_plus_d1_0.010_d2_0.175/planned_trajectories.csv,1,100000.0,0.0,False,True,True,5.0,0.02,0,0.551937,0.8493200000000001,fixed,,,,,,,,,,,,
4,d2_minus,0.01,0.14500000000000002,0.2344724133619693,imitation_plus_feasibility,0.2344724133619693,0.2344724133619693,0.09748087931232398,0.0,True,summary,0.025035261757555105,0.16167751634475985,0.015035261757555105,0.016677516344759835,0.0,0.0,0.0,success,1,1,0,,,,,,,9.07429409978455,0.025035261757555105,0.16167751634475985,0.015035261757555105,0.016677516344759835,0.025035261757555105,0.16167751634475985,0.015035261757555105,0.016677516344759835,3.7599384784698486,/home/gwx/airgrasp_ws/src/airgrasp_planning/airgrasp_minco_irl/results/runs/irl_fd_manual_20260724_161550/evaluations/iter_04_single_shot_persistent_batch/case_04_d2_minus_d1_0.010_d2_0.145,/home/gwx/airgrasp_ws/src/airgrasp_planning/airgrasp_minco_irl/results/runs/irl_fd_manual_20260724_161550/evaluations/iter_04_single_shot_persistent_batch,/home/gwx/airgrasp_ws/src/airgrasp_planning/airgrasp_minco_irl/results/runs/irl_fd_manual_20260724_161550/evaluations/iter_04_single_shot_persistent_batch/case_04_d2_minus_d1_0.010_d2_0.145/candidate_planned_path.csv,single_shot,planned,/home/gwx/airgrasp_ws/src/airgrasp_planning/airgrasp_minco_irl/results/runs/irl_fd_manual_20260724_161550/evaluations/iter_04_single_shot_persistent_batch/case_04_d2_minus_d1_0.010_d2_0.145/planned_trajectories.csv,1,100000.0,0.0,False,True,True,5.0,0.02,0,0.551937,0.81932,fixed,,,,,,,,,,,,
5,current,0.01,0.17500000000000004,0.22730698859170864,imitation_plus_feasibility,0.22730698859170864,0.22730698859170864,0.09330365873561755,0.0,True,summary,0.024847486051909007,0.19193104326249916,0.014847486051909007,0.016931043262499113,0.0,0.0,0.0,success,1,1,0,,,,,,,9.102857563126602,0.024847486051909007,0.19193104326249916,0.014847486051909007,0.016931043262499113,0.024847486051909007,0.19193104326249916,0.014847486051909007,0.016931043262499113,3.704341173171997,/home/gwx/airgrasp_ws/src/airgrasp_planning/airgrasp_minco_irl/results/runs/irl_fd_manual_20260724_161550/evaluations/iter_05_single_shot_persistent_batch/case_00_current_d1_0.010_d2_0.175,/home/gwx/airgrasp_ws/src/airgrasp_planning/airgrasp_minco_irl/results/runs/irl_fd_manual_20260724_161550/evaluations/iter_05_single_shot_persistent_batch,/home/gwx/airgrasp_ws/src/airgrasp_planning/airgrasp_minco_irl/results/runs/irl_fd_manual_20260724_161550/evaluations/iter_05_single_shot_persistent_batch/case_00_current_d1_0.010_d2_0.175/candidate_planned_path.csv,single_shot,planned,/home/gwx/airgrasp_ws/src/airgrasp_planning/airgrasp_minco_irl/results/runs/irl_fd_manual_20260724_161550/evaluations/iter_05_single_shot_persistent_batch/case_00_current_d1_0.010_d2_0.175/planned_trajectories.csv,1,100000.0,0.0,False,True,True,5.0,0.02,0,0.551937,0.8493200000000001,fixed,,,,,,,,,,,,
5,d1_plus,0.025,0.17500000000000004,0.22932611219448518,imitation_plus_feasibility,0.22932611219448518,0.22932611219448518,0.09061659860224955,0.0,True,summary,0.03988125502162165,0.19171407211542307,0.014881255021621652,0.01671407211542303,0.0,0.0,0.0,success,1,1,0,,,,,,,9.111809563995921,0.03988125502162165,0.19171407211542307,0.014881255021621652,0.01671407211542303,0.03988125502162165,0.19171407211542307,0.014881255021621652,0.01671407211542303,3.7845070362091064,/home/gwx/airgrasp_ws/src/airgrasp_planning/airgrasp_minco_irl/results/runs/irl_fd_manual_20260724_161550/evaluations/iter_05_single_shot_persistent_batch/case_01_d1_plus_d1_0.025_d2_0.175,/home/gwx/airgrasp_ws/src/airgrasp_planning/airgrasp_minco_irl/results/runs/irl_fd_manual_20260724_161550/evaluations/iter_05_single_shot_persistent_batch,/home/gwx/airgrasp_ws/src/airgrasp_planning/airgrasp_minco_irl/results/runs/irl_fd_manual_20260724_161550/evaluations/iter_05_single_shot_persistent_batch/case_01_d1_plus_d1_0.025_d2_0.175/candidate_planned_path.csv,single_shot,planned,/home/gwx/airgrasp_ws/src/airgrasp_planning/airgrasp_minco_irl/results/runs/irl_fd_manual_20260724_161550/evaluations/iter_05_single_shot_persistent_batch/case_01_d1_plus_d1_0.025_d2_0.175/planned_trajectories.csv,1,100000.0,0.0,False,True,True,5.0,0.02,0,0.566937,0.8493200000000001,fixed,,,,,,,,,,,,
5,d1_minus,0.005,0.17500000000000004,0.2290794469010651,imitation_plus_feasibility,0.2290794469010651,0.2290794469010651,0.09245410381389459,0.0,True,summary,0.01993789921871092,0.19170287938925906,0.014937899218710918,0.016702879389259018,0.0,0.0,0.0,success,1,1,0,,,,,,,9.094300985549038,0.01993789921871092,0.19170287938925906,0.014937899218710918,0.016702879389259018,0.01993789921871092,0.19170287938925906,0.014937899218710918,0.016702879389259018,3.7595860958099365,/home/gwx/airgrasp_ws/src/airgrasp_planning/airgrasp_minco_irl/results/runs/irl_fd_manual_20260724_161550/evaluations/iter_05_single_shot_persistent_batch/case_02_d1_minus_d1_0.005_d2_0.175,/home/gwx/airgrasp_ws/src/airgrasp_planning/airgrasp_minco_irl/results/runs/irl_fd_manual_20260724_161550/evaluations/iter_05_single_shot_persistent_batch,/home/gwx/airgrasp_ws/src/airgrasp_planning/airgrasp_minco_irl/results/runs/irl_fd_manual_20260724_161550/evaluations/iter_05_single_shot_persistent_batch/case_02_d1_minus_d1_0.005_d2_0.175/candidate_planned_path.csv,single_shot,planned,/home/gwx/airgrasp_ws/src/airgrasp_planning/airgrasp_minco_irl/results/runs/irl_fd_manual_20260724_161550/evaluations/iter_05_single_shot_persistent_batch/case_02_d1_minus_d1_0.005_d2_0.175/planned_trajectories.csv,1,100000.0,0.0,False,True,True,5.0,0.02,0,0.546937,0.8493200000000001,fixed,,,,,,,,,,,,
5,d2_plus,0.01,0.19000000000000006,0.22645560062476494,imitation_plus_feasibility,0.22645560062476494,0.22645560062476494,0.10016009394605961,0.0,True,summary,0.025134379475596602,0.20669049746199214,0.015134379475596602,0.016690497461992082,0.0,0.0,0.0,success,1,1,0,,,,,,,9.114234196445537,0.025134379475596602,0.20669049746199214,0.015134379475596602,0.016690497461992082,0.025134379475596602,0.20669049746199214,0.015134379475596602,0.016690497461992082,3.7062618732452393,/home/gwx/airgrasp_ws/src/airgrasp_planning/airgrasp_minco_irl/results/runs/irl_fd_manual_20260724_161550/evaluations/iter_05_single_shot_persistent_batch/case_03_d2_plus_d1_0.010_d2_0.190,/home/gwx/airgrasp_ws/src/airgrasp_planning/airgrasp_minco_irl/results/runs/irl_fd_manual_20260724_161550/evaluations/iter_05_single_shot_persistent_batch,/home/gwx/airgrasp_ws/src/airgrasp_planning/airgrasp_minco_irl/results/runs/irl_fd_manual_20260724_161550/evaluations/iter_05_single_shot_persistent_batch/case_03_d2_plus_d1_0.010_d2_0.190/candidate_planned_path.csv,single_shot,planned,/home/gwx/airgrasp_ws/src/airgrasp_planning/airgrasp_minco_irl/results/runs/irl_fd_manual_20260724_161550/evaluations/iter_05_single_shot_persistent_batch/case_03_d2_plus_d1_0.010_d2_0.190/planned_trajectories.csv,1,100000.0,0.0,False,True,True,5.0,0.02,0,0.551937,0.8643200000000001,fixed,,,,,,,,,,,,
5,d2_minus,0.01,0.16000000000000003,0.23309558077780956,imitation_plus_feasibility,0.23309558077780956,0.23309558077780956,0.09423142837677449,0.0,True,summary,0.024956253159331587,0.17654980016044924,0.014956253159331587,0.016549800160449213,0.0,0.0,0.0,success,1,1,0,,,,,,,9.084395740241156,0.024956253159331587,0.17654980016044924,0.014956253159331587,0.016549800160449213,0.024956253159331587,0.17654980016044924,0.014956253159331587,0.016549800160449213,3.759242534637451,/home/gwx/airgrasp_ws/src/airgrasp_planning/airgrasp_minco_irl/results/runs/irl_fd_manual_20260724_161550/evaluations/iter_05_single_shot_persistent_batch/case_04_d2_minus_d1_0.010_d2_0.160,/home/gwx/airgrasp_ws/src/airgrasp_planning/airgrasp_minco_irl/results/runs/irl_fd_manual_20260724_161550/evaluations/iter_05_single_shot_persistent_batch,/home/gwx/airgrasp_ws/src/airgrasp_planning/airgrasp_minco_irl/results/runs/irl_fd_manual_20260724_161550/evaluations/iter_05_single_shot_persistent_batch/case_04_d2_minus_d1_0.010_d2_0.160/candidate_planned_path.csv,single_shot,planned,/home/gwx/airgrasp_ws/src/airgrasp_planning/airgrasp_minco_irl/results/runs/irl_fd_manual_20260724_161550/evaluations/iter_05_single_shot_persistent_batch/case_04_d2_minus_d1_0.010_d2_0.160/planned_trajectories.csv,1,100000.0,0.0,False,True,True,5.0,0.02,0,0.551937,0.8343200000000001,fixed,,,,,,,,,,,,
6,current,0.01,0.19000000000000006,0.22645560062476494,imitation_plus_feasibility,0.22645560062476494,0.22645560062476494,0.10016009394605961,0.0,True,summary,0.025134379475596602,0.20669049746199214,0.015134379475596602,0.016690497461992082,0.0,0.0,0.0,success,1,1,0,,,,,,,9.114234196445537,0.025134379475596602,0.20669049746199214,0.015134379475596602,0.016690497461992082,0.025134379475596602,0.20669049746199214,0.015134379475596602,0.016690497461992082,3.759413480758667,/home/gwx/airgrasp_ws/src/airgrasp_planning/airgrasp_minco_irl/results/runs/irl_fd_manual_20260724_161550/evaluations/iter_06_single_shot_persistent_batch/case_00_current_d1_0.010_d2_0.190,/home/gwx/airgrasp_ws/src/airgrasp_planning/airgrasp_minco_irl/results/runs/irl_fd_manual_20260724_161550/evaluations/iter_06_single_shot_persistent_batch,/home/gwx/airgrasp_ws/src/airgrasp_planning/airgrasp_minco_irl/results/runs/irl_fd_manual_20260724_161550/evaluations/iter_06_single_shot_persistent_batch/case_00_current_d1_0.010_d2_0.190/candidate_planned_path.csv,single_shot,planned,/home/gwx/airgrasp_ws/src/airgrasp_planning/airgrasp_minco_irl/results/runs/irl_fd_manual_20260724_161550/evaluations/iter_06_single_shot_persistent_batch/case_00_current_d1_0.010_d2_0.190/planned_trajectories.csv,1,100000.0,0.0,False,True,True,5.0,0.02,0,0.551937,0.8643200000000001,fixed,,,,,,,,,,,,
6,d1_plus,0.025,0.19000000000000006,0.22625948396764806,imitation_plus_feasibility,0.22625948396764806,0.22625948396764806,0.09082069311084721,0.0,True,summary,0.039992265221880596,0.20698055697041023,0.014992265221880595,0.016980556970410177,0.0,0.0,0.0,success,1,1,0,,,,,,,9.125521017259322,0.039992265221880596,0.20698055697041023,0.014992265221880595,0.016980556970410177,0.039992265221880596,0.20698055697041023,0.014992265221880595,0.016980556970410177,3.7584621906280518,/home/gwx/airgrasp_ws/src/airgrasp_planning/airgrasp_minco_irl/results/runs/irl_fd_manual_20260724_161550/evaluations/iter_06_single_shot_persistent_batch/case_01_d1_plus_d1_0.025_d2_0.190,/home/gwx/airgrasp_ws/src/airgrasp_planning/airgrasp_minco_irl/results/runs/irl_fd_manual_20260724_161550/evaluations/iter_06_single_shot_persistent_batch,/home/gwx/airgrasp_ws/src/airgrasp_planning/airgrasp_minco_irl/results/runs/irl_fd_manual_20260724_161550/evaluations/iter_06_single_shot_persistent_batch/case_01_d1_plus_d1_0.025_d2_0.190/candidate_planned_path.csv,single_shot,planned,/home/gwx/airgrasp_ws/src/airgrasp_planning/airgrasp_minco_irl/results/runs/irl_fd_manual_20260724_161550/evaluations/iter_06_single_shot_persistent_batch/case_01_d1_plus_d1_0.025_d2_0.190/planned_trajectories.csv,1,100000.0,0.0,False,True,True,5.0,0.02,0,0.566937,0.8643200000000001,fixed,,,,,,,,,,,,
6,d1_minus,0.005,0.19000000000000006,0.22609221094190887,imitation_plus_feasibility,0.22609221094190887,0.22609221094190887,0.0908693864564119,0.0,True,summary,0.02038671533510783,0.20689760506704707,0.015386715335107829,0.016897605067047017,0.0,0.0,0.0,success,1,1,0,,,,,,,9.109930908490481,0.02038671533510783,0.20689760506704707,0.015386715335107829,0.016897605067047017,0.02038671533510783,0.20689760506704707,0.015386715335107829,0.016897605067047017,3.7071871757507324,/home/gwx/airgrasp_ws/src/airgrasp_planning/airgrasp_minco_irl/results/runs/irl_fd_manual_20260724_161550/evaluations/iter_06_single_shot_persistent_batch/case_02_d1_minus_d1_0.005_d2_0.190,/home/gwx/airgrasp_ws/src/airgrasp_planning/airgrasp_minco_irl/results/runs/irl_fd_manual_20260724_161550/evaluations/iter_06_single_shot_persistent_batch,/home/gwx/airgrasp_ws/src/airgrasp_planning/airgrasp_minco_irl/results/runs/irl_fd_manual_20260724_161550/evaluations/iter_06_single_shot_persistent_batch/case_02_d1_minus_d1_0.005_d2_0.190/candidate_planned_path.csv,single_shot,planned,/home/gwx/airgrasp_ws/src/airgrasp_planning/airgrasp_minco_irl/results/runs/irl_fd_manual_20260724_161550/evaluations/iter_06_single_shot_persistent_batch/case_02_d1_minus_d1_0.005_d2_0.190/planned_trajectories.csv,1,100000.0,0.0,False,True,True,5.0,0.02,0,0.546937,0.8643200000000001,fixed,,,,,,,,,,,,
6,d2_plus,0.01,0.20500000000000007,0.22391496428337046,imitation_plus_feasibility,0.22391496428337046,0.22391496428337046,0.10193416395127515,0.0,True,summary,0.024918851571070544,0.2220109046739281,0.014918851571070544,0.017010904673928018,0.0,0.0,0.0,success,1,1,0,,,,,,,9.128462534927854,0.024918851571070544,0.2220109046739281,0.014918851571070544,0.017010904673928018,0.024918851571070544,0.2220109046739281,0.014918851571070544,0.017010904673928018,3.856306552886963,/home/gwx/airgrasp_ws/src/airgrasp_planning/airgrasp_minco_irl/results/runs/irl_fd_manual_20260724_161550/evaluations/iter_06_single_shot_persistent_batch/case_03_d2_plus_d1_0.010_d2_0.205,/home/gwx/airgrasp_ws/src/airgrasp_planning/airgrasp_minco_irl/results/runs/irl_fd_manual_20260724_161550/evaluations/iter_06_single_shot_persistent_batch,/home/gwx/airgrasp_ws/src/airgrasp_planning/airgrasp_minco_irl/results/runs/irl_fd_manual_20260724_161550/evaluations/iter_06_single_shot_persistent_batch/case_03_d2_plus_d1_0.010_d2_0.205/candidate_planned_path.csv,single_shot,planned,/home/gwx/airgrasp_ws/src/airgrasp_planning/airgrasp_minco_irl/results/runs/irl_fd_manual_20260724_161550/evaluations/iter_06_single_shot_persistent_batch/case_03_d2_plus_d1_0.010_d2_0.205/planned_trajectories.csv,1,100000.0,0.0,False,True,True,5.0,0.02,0,0.551937,0.8793200000000001,fixed,,,,,,,,,,,,
6,d2_minus,0.01,0.17500000000000004,0.22730698859170864,imitation_plus_feasibility,0.22730698859170864,0.22730698859170864,0.09330365873561755,0.0,True,summary,0.024847486051909007,0.19193104326249916,0.014847486051909007,0.016931043262499113,0.0,0.0,0.0,success,1,1,0,,,,,,,9.102857563126602,0.024847486051909007,0.19193104326249916,0.014847486051909007,0.016931043262499113,0.024847486051909007,0.19193104326249916,0.014847486051909007,0.016931043262499113,3.708354949951172,/home/gwx/airgrasp_ws/src/airgrasp_planning/airgrasp_minco_irl/results/runs/irl_fd_manual_20260724_161550/evaluations/iter_06_single_shot_persistent_batch/case_04_d2_minus_d1_0.010_d2_0.175,/home/gwx/airgrasp_ws/src/airgrasp_planning/airgrasp_minco_irl/results/runs/irl_fd_manual_20260724_161550/evaluations/iter_06_single_shot_persistent_batch,/home/gwx/airgrasp_ws/src/airgrasp_planning/airgrasp_minco_irl/results/runs/irl_fd_manual_20260724_161550/evaluations/iter_06_single_shot_persistent_batch/case_04_d2_minus_d1_0.010_d2_0.175/candidate_planned_path.csv,single_shot,planned,/home/gwx/airgrasp_ws/src/airgrasp_planning/airgrasp_minco_irl/results/runs/irl_fd_manual_20260724_161550/evaluations/iter_06_single_shot_persistent_batch/case_04_d2_minus_d1_0.010_d2_0.175/planned_trajectories.csv,1,100000.0,0.0,False,True,True,5.0,0.02,0,0.551937,0.8493200000000001,fixed,,,,,,,,,,,,
7,current,0.01,0.20500000000000007,0.22391496428337046,imitation_plus_feasibility,0.22391496428337046,0.22391496428337046,0.10193416395127515,0.0,True,summary,0.024918851571070544,0.2220109046739281,0.014918851571070544,0.017010904673928018,0.0,0.0,0.0,success,1,1,0,,,,,,,9.128462534927854,0.024918851571070544,0.2220109046739281,0.014918851571070544,0.017010904673928018,0.024918851571070544,0.2220109046739281,0.014918851571070544,0.017010904673928018,3.702542543411255,/home/gwx/airgrasp_ws/src/airgrasp_planning/airgrasp_minco_irl/results/runs/irl_fd_manual_20260724_161550/evaluations/iter_07_single_shot_persistent_batch/case_00_current_d1_0.010_d2_0.205,/home/gwx/airgrasp_ws/src/airgrasp_planning/airgrasp_minco_irl/results/runs/irl_fd_manual_20260724_161550/evaluations/iter_07_single_shot_persistent_batch,/home/gwx/airgrasp_ws/src/airgrasp_planning/airgrasp_minco_irl/results/runs/irl_fd_manual_20260724_161550/evaluations/iter_07_single_shot_persistent_batch/case_00_current_d1_0.010_d2_0.205/candidate_planned_path.csv,single_shot,planned,/home/gwx/airgrasp_ws/src/airgrasp_planning/airgrasp_minco_irl/results/runs/irl_fd_manual_20260724_161550/evaluations/iter_07_single_shot_persistent_batch/case_00_current_d1_0.010_d2_0.205/planned_trajectories.csv,1,100000.0,0.0,False,True,True,5.0,0.02,0,0.551937,0.8793200000000001,fixed,,,,,,,,,,,,
7,d1_plus,0.025,0.20500000000000007,0.2247259989187291,imitation_plus_feasibility,0.2247259989187291,0.2247259989187291,0.09216487123193032,0.0,True,summary,0.04035293380788918,0.22230478198533393,0.015352933807889178,0.01730478198533386,0.0,0.0,0.0,success,1,1,0,,,,,,,9.136360705860438,0.04035293380788918,0.22230478198533393,0.015352933807889178,0.01730478198533386,0.04035293380788918,0.22230478198533393,0.015352933807889178,0.01730478198533386,3.811129570007324,/home/gwx/airgrasp_ws/src/airgrasp_planning/airgrasp_minco_irl/results/runs/irl_fd_manual_20260724_161550/evaluations/iter_07_single_shot_persistent_batch/case_01_d1_plus_d1_0.025_d2_0.205,/home/gwx/airgrasp_ws/src/airgrasp_planning/airgrasp_minco_irl/results/runs/irl_fd_manual_20260724_161550/evaluations/iter_07_single_shot_persistent_batch,/home/gwx/airgrasp_ws/src/airgrasp_planning/airgrasp_minco_irl/results/runs/irl_fd_manual_20260724_161550/evaluations/iter_07_single_shot_persistent_batch/case_01_d1_plus_d1_0.025_d2_0.205/candidate_planned_path.csv,single_shot,planned,/home/gwx/airgrasp_ws/src/airgrasp_planning/airgrasp_minco_irl/results/runs/irl_fd_manual_20260724_161550/evaluations/iter_07_single_shot_persistent_batch/case_01_d1_plus_d1_0.025_d2_0.205/planned_trajectories.csv,1,100000.0,0.0,False,True,True,5.0,0.02,0,0.566937,0.8793200000000001,fixed,,,,,,,,,,,,
7,d1_minus,0.005,0.20500000000000007,0.22323209857570903,imitation_plus_feasibility,0.22323209857570903,0.22323209857570903,0.09717019011914989,0.0,True,summary,0.020280458630678844,0.22195355620295815,0.015280458630678843,0.016953556202958076,0.0,0.0,0.0,success,1,1,0,,,,,,,9.124852934548883,0.020280458630678844,0.22195355620295815,0.015280458630678843,0.016953556202958076,0.020280458630678844,0.22195355620295815,0.015280458630678843,0.016953556202958076,3.907764196395874,/home/gwx/airgrasp_ws/src/airgrasp_planning/airgrasp_minco_irl/results/runs/irl_fd_manual_20260724_161550/evaluations/iter_07_single_shot_persistent_batch/case_02_d1_minus_d1_0.005_d2_0.205,/home/gwx/airgrasp_ws/src/airgrasp_planning/airgrasp_minco_irl/results/runs/irl_fd_manual_20260724_161550/evaluations/iter_07_single_shot_persistent_batch,/home/gwx/airgrasp_ws/src/airgrasp_planning/airgrasp_minco_irl/results/runs/irl_fd_manual_20260724_161550/evaluations/iter_07_single_shot_persistent_batch/case_02_d1_minus_d1_0.005_d2_0.205/candidate_planned_path.csv,single_shot,planned,/home/gwx/airgrasp_ws/src/airgrasp_planning/airgrasp_minco_irl/results/runs/irl_fd_manual_20260724_161550/evaluations/iter_07_single_shot_persistent_batch/case_02_d1_minus_d1_0.005_d2_0.205/planned_trajectories.csv,1,100000.0,0.0,False,True,True,5.0,0.02,0,0.546937,0.8793200000000001,fixed,,,,,,,,,,,,
7,d2_plus,0.01,0.22000000000000008,0.2187465630101984,imitation_plus_feasibility,0.2187465630101984,0.2187465630101984,0.0907634501283358,0.0,True,summary,0.02469354967876003,0.23673933696839228,0.01469354967876003,0.016739336968392193,0.0,0.0,0.0,success,1,1,0,,,,,,,9.14674918941094,0.02469354967876003,0.23673933696839228,0.01469354967876003,0.016739336968392193,0.02469354967876003,0.23673933696839228,0.01469354967876003,0.016739336968392193,3.8086495399475098,/home/gwx/airgrasp_ws/src/airgrasp_planning/airgrasp_minco_irl/results/runs/irl_fd_manual_20260724_161550/evaluations/iter_07_single_shot_persistent_batch/case_03_d2_plus_d1_0.010_d2_0.220,/home/gwx/airgrasp_ws/src/airgrasp_planning/airgrasp_minco_irl/results/runs/irl_fd_manual_20260724_161550/evaluations/iter_07_single_shot_persistent_batch,/home/gwx/airgrasp_ws/src/airgrasp_planning/airgrasp_minco_irl/results/runs/irl_fd_manual_20260724_161550/evaluations/iter_07_single_shot_persistent_batch/case_03_d2_plus_d1_0.010_d2_0.220/candidate_planned_path.csv,single_shot,planned,/home/gwx/airgrasp_ws/src/airgrasp_planning/airgrasp_minco_irl/results/runs/irl_fd_manual_20260724_161550/evaluations/iter_07_single_shot_persistent_batch/case_03_d2_plus_d1_0.010_d2_0.220/planned_trajectories.csv,1,100000.0,0.0,False,True,True,5.0,0.02,0,0.551937,0.8943200000000001,fixed,,,,,,,,,,,,
7,d2_minus,0.01,0.19000000000000006,0.22645560062476494,imitation_plus_feasibility,0.22645560062476494,0.22645560062476494,0.10016009394605961,0.0,True,summary,0.025134379475596602,0.20669049746199214,0.015134379475596602,0.016690497461992082,0.0,0.0,0.0,success,1,1,0,,,,,,,9.114234196445537,0.025134379475596602,0.20669049746199214,0.015134379475596602,0.016690497461992082,0.025134379475596602,0.20669049746199214,0.015134379475596602,0.016690497461992082,3.70965313911438,/home/gwx/airgrasp_ws/src/airgrasp_planning/airgrasp_minco_irl/results/runs/irl_fd_manual_20260724_161550/evaluations/iter_07_single_shot_persistent_batch/case_04_d2_minus_d1_0.010_d2_0.190,/home/gwx/airgrasp_ws/src/airgrasp_planning/airgrasp_minco_irl/results/runs/irl_fd_manual_20260724_161550/evaluations/iter_07_single_shot_persistent_batch,/home/gwx/airgrasp_ws/src/airgrasp_planning/airgrasp_minco_irl/results/runs/irl_fd_manual_20260724_161550/evaluations/iter_07_single_shot_persistent_batch/case_04_d2_minus_d1_0.010_d2_0.190/candidate_planned_path.csv,single_shot,planned,/home/gwx/airgrasp_ws/src/airgrasp_planning/airgrasp_minco_irl/results/runs/irl_fd_manual_20260724_161550/evaluations/iter_07_single_shot_persistent_batch/case_04_d2_minus_d1_0.010_d2_0.190/planned_trajectories.csv,1,100000.0,0.0,False,True,True,5.0,0.02,0,0.551937,0.8643200000000001,fixed,,,,,,,,,,,,
8,current,0.01,0.22000000000000008,0.2187465630101984,imitation_plus_feasibility,0.2187465630101984,0.2187465630101984,0.0907634501283358,0.0,True,summary,0.02469354967876003,0.23673933696839228,0.01469354967876003,0.016739336968392193,0.0,0.0,0.0,success,1,1,0,,,,,,,9.14674918941094,0.02469354967876003,0.23673933696839228,0.01469354967876003,0.016739336968392193,0.02469354967876003,0.23673933696839228,0.01469354967876003,0.016739336968392193,3.757643461227417,/home/gwx/airgrasp_ws/src/airgrasp_planning/airgrasp_minco_irl/results/runs/irl_fd_manual_20260724_161550/evaluations/iter_08_single_shot_persistent_batch/case_00_current_d1_0.010_d2_0.220,/home/gwx/airgrasp_ws/src/airgrasp_planning/airgrasp_minco_irl/results/runs/irl_fd_manual_20260724_161550/evaluations/iter_08_single_shot_persistent_batch,/home/gwx/airgrasp_ws/src/airgrasp_planning/airgrasp_minco_irl/results/runs/irl_fd_manual_20260724_161550/evaluations/iter_08_single_shot_persistent_batch/case_00_current_d1_0.010_d2_0.220/candidate_planned_path.csv,single_shot,planned,/home/gwx/airgrasp_ws/src/airgrasp_planning/airgrasp_minco_irl/results/runs/irl_fd_manual_20260724_161550/evaluations/iter_08_single_shot_persistent_batch/case_00_current_d1_0.010_d2_0.220/planned_trajectories.csv,1,100000.0,0.0,False,True,True,5.0,0.02,0,0.551937,0.8943200000000001,fixed,,,,,,,,,,,,
8,d1_plus,0.025,0.22000000000000008,0.22295441376760197,imitation_plus_feasibility,0.22295441376760197,0.22295441376760197,0.09028205390844757,0.0,True,summary,0.040204017339994125,0.2362855604820801,0.015204017339994123,0.01628556048208002,0.0,0.0,0.0,success,1,1,0,,,,,,,9.150589973913101,0.040204017339994125,0.2362855604820801,0.015204017339994123,0.01628556048208002,0.040204017339994125,0.2362855604820801,0.015204017339994123,0.01628556048208002,3.811168909072876,/home/gwx/airgrasp_ws/src/airgrasp_planning/airgrasp_minco_irl/results/runs/irl_fd_manual_20260724_161550/evaluations/iter_08_single_shot_persistent_batch/case_01_d1_plus_d1_0.025_d2_0.220,/home/gwx/airgrasp_ws/src/airgrasp_planning/airgrasp_minco_irl/results/runs/irl_fd_manual_20260724_161550/evaluations/iter_08_single_shot_persistent_batch,/home/gwx/airgrasp_ws/src/airgrasp_planning/airgrasp_minco_irl/results/runs/irl_fd_manual_20260724_161550/evaluations/iter_08_single_shot_persistent_batch/case_01_d1_plus_d1_0.025_d2_0.220/candidate_planned_path.csv,single_shot,planned,/home/gwx/airgrasp_ws/src/airgrasp_planning/airgrasp_minco_irl/results/runs/irl_fd_manual_20260724_161550/evaluations/iter_08_single_shot_persistent_batch/case_01_d1_plus_d1_0.025_d2_0.220/planned_trajectories.csv,1,100000.0,0.0,False,True,True,5.0,0.02,0,0.566937,0.8943200000000001,fixed,,,,,,,,,,,,
8,d1_minus,0.005,0.22000000000000008,0.22109411234662182,imitation_plus_feasibility,0.22109411234662182,0.22109411234662182,0.08783748578607449,0.0,True,summary,0.01952240484283918,0.23671556117625908,0.01452240484283918,0.016715561176258997,0.0,0.0,0.0,success,1,1,0,,,,,,,9.142520742559626,0.01952240484283918,0.23671556117625908,0.01452240484283918,0.016715561176258997,0.01952240484283918,0.23671556117625908,0.01452240484283918,0.016715561176258997,3.754805564880371,/home/gwx/airgrasp_ws/src/airgrasp_planning/airgrasp_minco_irl/results/runs/irl_fd_manual_20260724_161550/evaluations/iter_08_single_shot_persistent_batch/case_02_d1_minus_d1_0.005_d2_0.220,/home/gwx/airgrasp_ws/src/airgrasp_planning/airgrasp_minco_irl/results/runs/irl_fd_manual_20260724_161550/evaluations/iter_08_single_shot_persistent_batch,/home/gwx/airgrasp_ws/src/airgrasp_planning/airgrasp_minco_irl/results/runs/irl_fd_manual_20260724_161550/evaluations/iter_08_single_shot_persistent_batch/case_02_d1_minus_d1_0.005_d2_0.220/candidate_planned_path.csv,single_shot,planned,/home/gwx/airgrasp_ws/src/airgrasp_planning/airgrasp_minco_irl/results/runs/irl_fd_manual_20260724_161550/evaluations/iter_08_single_shot_persistent_batch/case_02_d1_minus_d1_0.005_d2_0.220/planned_trajectories.csv,1,100000.0,0.0,False,True,True,5.0,0.02,0,0.546937,0.8943200000000001,fixed,,,,,,,,,,,,
8,d2_plus,0.01,0.2350000000000001,0.21891830474370333,imitation_plus_feasibility,0.21891830474370333,0.21891830474370333,0.0882848939292569,0.0,True,summary,0.025813391786374762,0.2519790497025396,0.01581339178637476,0.016979049702539495,0.0,0.0,0.0,success,1,1,0,,,,,,,9.156333768364336,0.025813391786374762,0.2519790497025396,0.01581339178637476,0.016979049702539495,0.025813391786374762,0.2519790497025396,0.01581339178637476,0.016979049702539495,3.7599291801452637,/home/gwx/airgrasp_ws/src/airgrasp_planning/airgrasp_minco_irl/results/runs/irl_fd_manual_20260724_161550/evaluations/iter_08_single_shot_persistent_batch/case_03_d2_plus_d1_0.010_d2_0.235,/home/gwx/airgrasp_ws/src/airgrasp_planning/airgrasp_minco_irl/results/runs/irl_fd_manual_20260724_161550/evaluations/iter_08_single_shot_persistent_batch,/home/gwx/airgrasp_ws/src/airgrasp_planning/airgrasp_minco_irl/results/runs/irl_fd_manual_20260724_161550/evaluations/iter_08_single_shot_persistent_batch/case_03_d2_plus_d1_0.010_d2_0.235/candidate_planned_path.csv,single_shot,planned,/home/gwx/airgrasp_ws/src/airgrasp_planning/airgrasp_minco_irl/results/runs/irl_fd_manual_20260724_161550/evaluations/iter_08_single_shot_persistent_batch/case_03_d2_plus_d1_0.010_d2_0.235/planned_trajectories.csv,1,100000.0,0.0,False,True,True,5.0,0.02,0,0.551937,0.9093200000000001,fixed,,,,,,,,,,,,
8,d2_minus,0.01,0.20500000000000007,0.22391496428337046,imitation_plus_feasibility,0.22391496428337046,0.22391496428337046,0.10193416395127515,0.0,True,summary,0.024918851571070544,0.2220109046739281,0.014918851571070544,0.017010904673928018,0.0,0.0,0.0,success,1,1,0,,,,,,,9.128462534927854,0.024918851571070544,0.2220109046739281,0.014918851571070544,0.017010904673928018,0.024918851571070544,0.2220109046739281,0.014918851571070544,0.017010904673928018,3.9126241207122803,/home/gwx/airgrasp_ws/src/airgrasp_planning/airgrasp_minco_irl/results/runs/irl_fd_manual_20260724_161550/evaluations/iter_08_single_shot_persistent_batch/case_04_d2_minus_d1_0.010_d2_0.205,/home/gwx/airgrasp_ws/src/airgrasp_planning/airgrasp_minco_irl/results/runs/irl_fd_manual_20260724_161550/evaluations/iter_08_single_shot_persistent_batch,/home/gwx/airgrasp_ws/src/airgrasp_planning/airgrasp_minco_irl/results/runs/irl_fd_manual_20260724_161550/evaluations/iter_08_single_shot_persistent_batch/case_04_d2_minus_d1_0.010_d2_0.205/candidate_planned_path.csv,single_shot,planned,/home/gwx/airgrasp_ws/src/airgrasp_planning/airgrasp_minco_irl/results/runs/irl_fd_manual_20260724_161550/evaluations/iter_08_single_shot_persistent_batch/case_04_d2_minus_d1_0.010_d2_0.205/planned_trajectories.csv,1,100000.0,0.0,False,True,True,5.0,0.02,0,0.551937,0.8793200000000001,fixed,,,,,,,,,,,,
9,current,0.01,0.22000000000000008,0.2187465630101984,imitation_plus_feasibility,0.2187465630101984,0.2187465630101984,0.0907634501283358,0.0,True,summary,0.02469354967876003,0.23673933696839228,0.01469354967876003,0.016739336968392193,0.0,0.0,0.0,success,1,1,0,,,,,,,9.14674918941094,0.02469354967876003,0.23673933696839228,0.01469354967876003,0.016739336968392193,0.02469354967876003,0.23673933696839228,0.01469354967876003,0.016739336968392193,3.7675585746765137,/home/gwx/airgrasp_ws/src/airgrasp_planning/airgrasp_minco_irl/results/runs/irl_fd_manual_20260724_161550/evaluations/iter_09_single_shot_persistent_batch/case_00_current_d1_0.010_d2_0.220,/home/gwx/airgrasp_ws/src/airgrasp_planning/airgrasp_minco_irl/results/runs/irl_fd_manual_20260724_161550/evaluations/iter_09_single_shot_persistent_batch,/home/gwx/airgrasp_ws/src/airgrasp_planning/airgrasp_minco_irl/results/runs/irl_fd_manual_20260724_161550/evaluations/iter_09_single_shot_persistent_batch/case_00_current_d1_0.010_d2_0.220/candidate_planned_path.csv,single_shot,planned,/home/gwx/airgrasp_ws/src/airgrasp_planning/airgrasp_minco_irl/results/runs/irl_fd_manual_20260724_161550/evaluations/iter_09_single_shot_persistent_batch/case_00_current_d1_0.010_d2_0.220/planned_trajectories.csv,1,100000.0,0.0,False,True,True,5.0,0.02,0,0.551937,0.8943200000000001,fixed,,,,,,,,,,,,
9,d1_plus,0.025,0.22000000000000008,0.22295441376760197,imitation_plus_feasibility,0.22295441376760197,0.22295441376760197,0.09028205390844757,0.0,True,summary,0.040204017339994125,0.2362855604820801,0.015204017339994123,0.01628556048208002,0.0,0.0,0.0,success,1,1,0,,,,,,,9.150589973913101,0.040204017339994125,0.2362855604820801,0.015204017339994123,0.01628556048208002,0.040204017339994125,0.2362855604820801,0.015204017339994123,0.01628556048208002,3.8593313694000244,/home/gwx/airgrasp_ws/src/airgrasp_planning/airgrasp_minco_irl/results/runs/irl_fd_manual_20260724_161550/evaluations/iter_09_single_shot_persistent_batch/case_01_d1_plus_d1_0.025_d2_0.220,/home/gwx/airgrasp_ws/src/airgrasp_planning/airgrasp_minco_irl/results/runs/irl_fd_manual_20260724_161550/evaluations/iter_09_single_shot_persistent_batch,/home/gwx/airgrasp_ws/src/airgrasp_planning/airgrasp_minco_irl/results/runs/irl_fd_manual_20260724_161550/evaluations/iter_09_single_shot_persistent_batch/case_01_d1_plus_d1_0.025_d2_0.220/candidate_planned_path.csv,single_shot,planned,/home/gwx/airgrasp_ws/src/airgrasp_planning/airgrasp_minco_irl/results/runs/irl_fd_manual_20260724_161550/evaluations/iter_09_single_shot_persistent_batch/case_01_d1_plus_d1_0.025_d2_0.220/planned_trajectories.csv,1,100000.0,0.0,False,True,True,5.0,0.02,0,0.566937,0.8943200000000001,fixed,,,,,,,,,,,,
9,d1_minus,0.005,0.22000000000000008,0.22109411234662182,imitation_plus_feasibility,0.22109411234662182,0.22109411234662182,0.08783748578607449,0.0,True,summary,0.01952240484283918,0.23671556117625908,0.01452240484283918,0.016715561176258997,0.0,0.0,0.0,success,1,1,0,,,,,,,9.142520742559626,0.01952240484283918,0.23671556117625908,0.01452240484283918,0.016715561176258997,0.01952240484283918,0.23671556117625908,0.01452240484283918,0.016715561176258997,3.854188919067383,/home/gwx/airgrasp_ws/src/airgrasp_planning/airgrasp_minco_irl/results/runs/irl_fd_manual_20260724_161550/evaluations/iter_09_single_shot_persistent_batch/case_02_d1_minus_d1_0.005_d2_0.220,/home/gwx/airgrasp_ws/src/airgrasp_planning/airgrasp_minco_irl/results/runs/irl_fd_manual_20260724_161550/evaluations/iter_09_single_shot_persistent_batch,/home/gwx/airgrasp_ws/src/airgrasp_planning/airgrasp_minco_irl/results/runs/irl_fd_manual_20260724_161550/evaluations/iter_09_single_shot_persistent_batch/case_02_d1_minus_d1_0.005_d2_0.220/candidate_planned_path.csv,single_shot,planned,/home/gwx/airgrasp_ws/src/airgrasp_planning/airgrasp_minco_irl/results/runs/irl_fd_manual_20260724_161550/evaluations/iter_09_single_shot_persistent_batch/case_02_d1_minus_d1_0.005_d2_0.220/planned_trajectories.csv,1,100000.0,0.0,False,True,True,5.0,0.02,0,0.546937,0.8943200000000001,fixed,,,,,,,,,,,,
9,d2_plus,0.01,0.2350000000000001,0.21891830474370333,imitation_plus_feasibility,0.21891830474370333,0.21891830474370333,0.0882848939292569,0.0,True,summary,0.025813391786374762,0.2519790497025396,0.01581339178637476,0.016979049702539495,0.0,0.0,0.0,success,1,1,0,,,,,,,9.156333768364336,0.025813391786374762,0.2519790497025396,0.01581339178637476,0.016979049702539495,0.025813391786374762,0.2519790497025396,0.01581339178637476,0.016979049702539495,3.8242263793945312,/home/gwx/airgrasp_ws/src/airgrasp_planning/airgrasp_minco_irl/results/runs/irl_fd_manual_20260724_161550/evaluations/iter_09_single_shot_persistent_batch/case_03_d2_plus_d1_0.010_d2_0.235,/home/gwx/airgrasp_ws/src/airgrasp_planning/airgrasp_minco_irl/results/runs/irl_fd_manual_20260724_161550/evaluations/iter_09_single_shot_persistent_batch,/home/gwx/airgrasp_ws/src/airgrasp_planning/airgrasp_minco_irl/results/runs/irl_fd_manual_20260724_161550/evaluations/iter_09_single_shot_persistent_batch/case_03_d2_plus_d1_0.010_d2_0.235/candidate_planned_path.csv,single_shot,planned,/home/gwx/airgrasp_ws/src/airgrasp_planning/airgrasp_minco_irl/results/runs/irl_fd_manual_20260724_161550/evaluations/iter_09_single_shot_persistent_batch/case_03_d2_plus_d1_0.010_d2_0.235/planned_trajectories.csv,1,100000.0,0.0,False,True,True,5.0,0.02,0,0.551937,0.9093200000000001,fixed,,,,,,,,,,,,
9,d2_minus,0.01,0.20500000000000007,0.22391496428337046,imitation_plus_feasibility,0.22391496428337046,0.22391496428337046,0.10193416395127515,0.0,True,summary,0.024918851571070544,0.2220109046739281,0.014918851571070544,0.017010904673928018,0.0,0.0,0.0,success,1,1,0,,,,,,,9.128462534927854,0.024918851571070544,0.2220109046739281,0.014918851571070544,0.017010904673928018,0.024918851571070544,0.2220109046739281,0.014918851571070544,0.017010904673928018,3.8595387935638428,/home/gwx/airgrasp_ws/src/airgrasp_planning/airgrasp_minco_irl/results/runs/irl_fd_manual_20260724_161550/evaluations/iter_09_single_shot_persistent_batch/case_04_d2_minus_d1_0.010_d2_0.205,/home/gwx/airgrasp_ws/src/airgrasp_planning/airgrasp_minco_irl/results/runs/irl_fd_manual_20260724_161550/evaluations/iter_09_single_shot_persistent_batch,/home/gwx/airgrasp_ws/src/airgrasp_planning/airgrasp_minco_irl/results/runs/irl_fd_manual_20260724_161550/evaluations/iter_09_single_shot_persistent_batch/case_04_d2_minus_d1_0.010_d2_0.205/candidate_planned_path.csv,single_shot,planned,/home/gwx/airgrasp_ws/src/airgrasp_planning/airgrasp_minco_irl/results/runs/irl_fd_manual_20260724_161550/evaluations/iter_09_single_shot_persistent_batch/case_04_d2_minus_d1_0.010_d2_0.205/planned_trajectories.csv,1,100000.0,0.0,False,True,True,5.0,0.02,0,0.551937,0.8793200000000001,fixed,,,,,,,,,,,,
10,current,0.01,0.22000000000000008,0.2187465630101984,imitation_plus_feasibility,0.2187465630101984,0.2187465630101984,0.0907634501283358,0.0,True,summary,0.02469354967876003,0.23673933696839228,0.01469354967876003,0.016739336968392193,0.0,0.0,0.0,success,1,1,0,,,,,,,9.14674918941094,0.02469354967876003,0.23673933696839228,0.01469354967876003,0.016739336968392193,0.02469354967876003,0.23673933696839228,0.01469354967876003,0.016739336968392193,3.769559144973755,/home/gwx/airgrasp_ws/src/airgrasp_planning/airgrasp_minco_irl/results/runs/irl_fd_manual_20260724_161550/evaluations/iter_10_single_shot_persistent_batch/case_00_current_d1_0.010_d2_0.220,/home/gwx/airgrasp_ws/src/airgrasp_planning/airgrasp_minco_irl/results/runs/irl_fd_manual_20260724_161550/evaluations/iter_10_single_shot_persistent_batch,/home/gwx/airgrasp_ws/src/airgrasp_planning/airgrasp_minco_irl/results/runs/irl_fd_manual_20260724_161550/evaluations/iter_10_single_shot_persistent_batch/case_00_current_d1_0.010_d2_0.220/candidate_planned_path.csv,single_shot,planned,/home/gwx/airgrasp_ws/src/airgrasp_planning/airgrasp_minco_irl/results/runs/irl_fd_manual_20260724_161550/evaluations/iter_10_single_shot_persistent_batch/case_00_current_d1_0.010_d2_0.220/planned_trajectories.csv,1,100000.0,0.0,False,True,True,5.0,0.02,0,0.551937,0.8943200000000001,fixed,,,,,,,,,,,,
10,d1_plus,0.025,0.22000000000000008,0.22295441376760197,imitation_plus_feasibility,0.22295441376760197,0.22295441376760197,0.09028205390844757,0.0,True,summary,0.040204017339994125,0.2362855604820801,0.015204017339994123,0.01628556048208002,0.0,0.0,0.0,success,1,1,0,,,,,,,9.150589973913101,0.040204017339994125,0.2362855604820801,0.015204017339994123,0.01628556048208002,0.040204017339994125,0.2362855604820801,0.015204017339994123,0.01628556048208002,3.708793878555298,/home/gwx/airgrasp_ws/src/airgrasp_planning/airgrasp_minco_irl/results/runs/irl_fd_manual_20260724_161550/evaluations/iter_10_single_shot_persistent_batch/case_01_d1_plus_d1_0.025_d2_0.220,/home/gwx/airgrasp_ws/src/airgrasp_planning/airgrasp_minco_irl/results/runs/irl_fd_manual_20260724_161550/evaluations/iter_10_single_shot_persistent_batch,/home/gwx/airgrasp_ws/src/airgrasp_planning/airgrasp_minco_irl/results/runs/irl_fd_manual_20260724_161550/evaluations/iter_10_single_shot_persistent_batch/case_01_d1_plus_d1_0.025_d2_0.220/candidate_planned_path.csv,single_shot,planned,/home/gwx/airgrasp_ws/src/airgrasp_planning/airgrasp_minco_irl/results/runs/irl_fd_manual_20260724_161550/evaluations/iter_10_single_shot_persistent_batch/case_01_d1_plus_d1_0.025_d2_0.220/planned_trajectories.csv,1,100000.0,0.0,False,True,True,5.0,0.02,0,0.566937,0.8943200000000001,fixed,,,,,,,,,,,,
10,d1_minus,0.005,0.22000000000000008,0.22109411234662182,imitation_plus_feasibility,0.22109411234662182,0.22109411234662182,0.08783748578607449,0.0,True,summary,0.01952240484283918,0.23671556117625908,0.01452240484283918,0.016715561176258997,0.0,0.0,0.0,success,1,1,0,,,,,,,9.142520742559626,0.01952240484283918,0.23671556117625908,0.01452240484283918,0.016715561176258997,0.01952240484283918,0.23671556117625908,0.01452240484283918,0.016715561176258997,3.860957622528076,/home/gwx/airgrasp_ws/src/airgrasp_planning/airgrasp_minco_irl/results/runs/irl_fd_manual_20260724_161550/evaluations/iter_10_single_shot_persistent_batch/case_02_d1_minus_d1_0.005_d2_0.220,/home/gwx/airgrasp_ws/src/airgrasp_planning/airgrasp_minco_irl/results/runs/irl_fd_manual_20260724_161550/evaluations/iter_10_single_shot_persistent_batch,/home/gwx/airgrasp_ws/src/airgrasp_planning/airgrasp_minco_irl/results/runs/irl_fd_manual_20260724_161550/evaluations/iter_10_single_shot_persistent_batch/case_02_d1_minus_d1_0.005_d2_0.220/candidate_planned_path.csv,single_shot,planned,/home/gwx/airgrasp_ws/src/airgrasp_planning/airgrasp_minco_irl/results/runs/irl_fd_manual_20260724_161550/evaluations/iter_10_single_shot_persistent_batch/case_02_d1_minus_d1_0.005_d2_0.220/planned_trajectories.csv,1,100000.0,0.0,False,True,True,5.0,0.02,0,0.546937,0.8943200000000001,fixed,,,,,,,,,,,,
10,d2_plus,0.01,0.2350000000000001,0.21891830474370333,imitation_plus_feasibility,0.21891830474370333,0.21891830474370333,0.0882848939292569,0.0,True,summary,0.025813391786374762,0.2519790497025396,0.01581339178637476,0.016979049702539495,0.0,0.0,0.0,success,1,1,0,,,,,,,9.156333768364336,0.025813391786374762,0.2519790497025396,0.01581339178637476,0.016979049702539495,0.025813391786374762,0.2519790497025396,0.01581339178637476,0.016979049702539495,3.8156192302703857,/home/gwx/airgrasp_ws/src/airgrasp_planning/airgrasp_minco_irl/results/runs/irl_fd_manual_20260724_161550/evaluations/iter_10_single_shot_persistent_batch/case_03_d2_plus_d1_0.010_d2_0.235,/home/gwx/airgrasp_ws/src/airgrasp_planning/airgrasp_minco_irl/results/runs/irl_fd_manual_20260724_161550/evaluations/iter_10_single_shot_persistent_batch,/home/gwx/airgrasp_ws/src/airgrasp_planning/airgrasp_minco_irl/results/runs/irl_fd_manual_20260724_161550/evaluations/iter_10_single_shot_persistent_batch/case_03_d2_plus_d1_0.010_d2_0.235/candidate_planned_path.csv,single_shot,planned,/home/gwx/airgrasp_ws/src/airgrasp_planning/airgrasp_minco_irl/results/runs/irl_fd_manual_20260724_161550/evaluations/iter_10_single_shot_persistent_batch/case_03_d2_plus_d1_0.010_d2_0.235/planned_trajectories.csv,1,100000.0,0.0,False,True,True,5.0,0.02,0,0.551937,0.9093200000000001,fixed,,,,,,,,,,,,
10,d2_minus,0.01,0.20500000000000007,0.22391496428337046,imitation_plus_feasibility,0.22391496428337046,0.22391496428337046,0.10193416395127515,0.0,True,summary,0.024918851571070544,0.2220109046739281,0.014918851571070544,0.017010904673928018,0.0,0.0,0.0,success,1,1,0,,,,,,,9.128462534927854,0.024918851571070544,0.2220109046739281,0.014918851571070544,0.017010904673928018,0.024918851571070544,0.2220109046739281,0.014918851571070544,0.017010904673928018,3.859792470932007,/home/gwx/airgrasp_ws/src/airgrasp_planning/airgrasp_minco_irl/results/runs/irl_fd_manual_20260724_161550/evaluations/iter_10_single_shot_persistent_batch/case_04_d2_minus_d1_0.010_d2_0.205,/home/gwx/airgrasp_ws/src/airgrasp_planning/airgrasp_minco_irl/results/runs/irl_fd_manual_20260724_161550/evaluations/iter_10_single_shot_persistent_batch,/home/gwx/airgrasp_ws/src/airgrasp_planning/airgrasp_minco_irl/results/runs/irl_fd_manual_20260724_161550/evaluations/iter_10_single_shot_persistent_batch/case_04_d2_minus_d1_0.010_d2_0.205/candidate_planned_path.csv,single_shot,planned,/home/gwx/airgrasp_ws/src/airgrasp_planning/airgrasp_minco_irl/results/runs/irl_fd_manual_20260724_161550/evaluations/iter_10_single_shot_persistent_batch/case_04_d2_minus_d1_0.010_d2_0.205/planned_trajectories.csv,1,100000.0,0.0,False,True,True,5.0,0.02,0,0.551937,0.8793200000000001,fixed,,,,,,,,,,,,
11,current,0.01,0.22000000000000008,0.2187465630101984,imitation_plus_feasibility,0.2187465630101984,0.2187465630101984,0.0907634501283358,0.0,True,summary,0.02469354967876003,0.23673933696839228,0.01469354967876003,0.016739336968392193,0.0,0.0,0.0,success,1,1,0,,,,,,,9.14674918941094,0.02469354967876003,0.23673933696839228,0.01469354967876003,0.016739336968392193,0.02469354967876003,0.23673933696839228,0.01469354967876003,0.016739336968392193,3.760183811187744,/home/gwx/airgrasp_ws/src/airgrasp_planning/airgrasp_minco_irl/results/runs/irl_fd_manual_20260724_161550/evaluations/iter_11_single_shot_persistent_batch/case_00_current_d1_0.010_d2_0.220,/home/gwx/airgrasp_ws/src/airgrasp_planning/airgrasp_minco_irl/results/runs/irl_fd_manual_20260724_161550/evaluations/iter_11_single_shot_persistent_batch,/home/gwx/airgrasp_ws/src/airgrasp_planning/airgrasp_minco_irl/results/runs/irl_fd_manual_20260724_161550/evaluations/iter_11_single_shot_persistent_batch/case_00_current_d1_0.010_d2_0.220/candidate_planned_path.csv,single_shot,planned,/home/gwx/airgrasp_ws/src/airgrasp_planning/airgrasp_minco_irl/results/runs/irl_fd_manual_20260724_161550/evaluations/iter_11_single_shot_persistent_batch/case_00_current_d1_0.010_d2_0.220/planned_trajectories.csv,1,100000.0,0.0,False,True,True,5.0,0.02,0,0.551937,0.8943200000000001,fixed,,,,,,,,,,,,
11,d1_plus,0.025,0.22000000000000008,0.22295441376760197,imitation_plus_feasibility,0.22295441376760197,0.22295441376760197,0.09028205390844757,0.0,True,summary,0.040204017339994125,0.2362855604820801,0.015204017339994123,0.01628556048208002,0.0,0.0,0.0,success,1,1,0,,,,,,,9.150589973913101,0.040204017339994125,0.2362855604820801,0.015204017339994123,0.01628556048208002,0.040204017339994125,0.2362855604820801,0.015204017339994123,0.01628556048208002,3.808762788772583,/home/gwx/airgrasp_ws/src/airgrasp_planning/airgrasp_minco_irl/results/runs/irl_fd_manual_20260724_161550/evaluations/iter_11_single_shot_persistent_batch/case_01_d1_plus_d1_0.025_d2_0.220,/home/gwx/airgrasp_ws/src/airgrasp_planning/airgrasp_minco_irl/results/runs/irl_fd_manual_20260724_161550/evaluations/iter_11_single_shot_persistent_batch,/home/gwx/airgrasp_ws/src/airgrasp_planning/airgrasp_minco_irl/results/runs/irl_fd_manual_20260724_161550/evaluations/iter_11_single_shot_persistent_batch/case_01_d1_plus_d1_0.025_d2_0.220/candidate_planned_path.csv,single_shot,planned,/home/gwx/airgrasp_ws/src/airgrasp_planning/airgrasp_minco_irl/results/runs/irl_fd_manual_20260724_161550/evaluations/iter_11_single_shot_persistent_batch/case_01_d1_plus_d1_0.025_d2_0.220/planned_trajectories.csv,1,100000.0,0.0,False,True,True,5.0,0.02,0,0.566937,0.8943200000000001,fixed,,,,,,,,,,,,
11,d1_minus,0.005,0.22000000000000008,0.22109411234662182,imitation_plus_feasibility,0.22109411234662182,0.22109411234662182,0.08783748578607449,0.0,True,summary,0.01952240484283918,0.23671556117625908,0.01452240484283918,0.016715561176258997,0.0,0.0,0.0,success,1,1,0,,,,,,,9.142520742559626,0.01952240484283918,0.23671556117625908,0.01452240484283918,0.016715561176258997,0.01952240484283918,0.23671556117625908,0.01452240484283918,0.016715561176258997,3.808518409729004,/home/gwx/airgrasp_ws/src/airgrasp_planning/airgrasp_minco_irl/results/runs/irl_fd_manual_20260724_161550/evaluations/iter_11_single_shot_persistent_batch/case_02_d1_minus_d1_0.005_d2_0.220,/home/gwx/airgrasp_ws/src/airgrasp_planning/airgrasp_minco_irl/results/runs/irl_fd_manual_20260724_161550/evaluations/iter_11_single_shot_persistent_batch,/home/gwx/airgrasp_ws/src/airgrasp_planning/airgrasp_minco_irl/results/runs/irl_fd_manual_20260724_161550/evaluations/iter_11_single_shot_persistent_batch/case_02_d1_minus_d1_0.005_d2_0.220/candidate_planned_path.csv,single_shot,planned,/home/gwx/airgrasp_ws/src/airgrasp_planning/airgrasp_minco_irl/results/runs/irl_fd_manual_20260724_161550/evaluations/iter_11_single_shot_persistent_batch/case_02_d1_minus_d1_0.005_d2_0.220/planned_trajectories.csv,1,100000.0,0.0,False,True,True,5.0,0.02,0,0.546937,0.8943200000000001,fixed,,,,,,,,,,,,
11,d2_plus,0.01,0.2350000000000001,0.21891830474370333,imitation_plus_feasibility,0.21891830474370333,0.21891830474370333,0.0882848939292569,0.0,True,summary,0.025813391786374762,0.2519790497025396,0.01581339178637476,0.016979049702539495,0.0,0.0,0.0,success,1,1,0,,,,,,,9.156333768364336,0.025813391786374762,0.2519790497025396,0.01581339178637476,0.016979049702539495,0.025813391786374762,0.2519790497025396,0.01581339178637476,0.016979049702539495,3.8048830032348633,/home/gwx/airgrasp_ws/src/airgrasp_planning/airgrasp_minco_irl/results/runs/irl_fd_manual_20260724_161550/evaluations/iter_11_single_shot_persistent_batch/case_03_d2_plus_d1_0.010_d2_0.235,/home/gwx/airgrasp_ws/src/airgrasp_planning/airgrasp_minco_irl/results/runs/irl_fd_manual_20260724_161550/evaluations/iter_11_single_shot_persistent_batch,/home/gwx/airgrasp_ws/src/airgrasp_planning/airgrasp_minco_irl/results/runs/irl_fd_manual_20260724_161550/evaluations/iter_11_single_shot_persistent_batch/case_03_d2_plus_d1_0.010_d2_0.235/candidate_planned_path.csv,single_shot,planned,/home/gwx/airgrasp_ws/src/airgrasp_planning/airgrasp_minco_irl/results/runs/irl_fd_manual_20260724_161550/evaluations/iter_11_single_shot_persistent_batch/case_03_d2_plus_d1_0.010_d2_0.235/planned_trajectories.csv,1,100000.0,0.0,False,True,True,5.0,0.02,0,0.551937,0.9093200000000001,fixed,,,,,,,,,,,,
11,d2_minus,0.01,0.20500000000000007,0.22391496428337046,imitation_plus_feasibility,0.22391496428337046,0.22391496428337046,0.10193416395127515,0.0,True,summary,0.024918851571070544,0.2220109046739281,0.014918851571070544,0.017010904673928018,0.0,0.0,0.0,success,1,1,0,,,,,,,9.128462534927854,0.024918851571070544,0.2220109046739281,0.014918851571070544,0.017010904673928018,0.024918851571070544,0.2220109046739281,0.014918851571070544,0.017010904673928018,3.814265251159668,/home/gwx/airgrasp_ws/src/airgrasp_planning/airgrasp_minco_irl/results/runs/irl_fd_manual_20260724_161550/evaluations/iter_11_single_shot_persistent_batch/case_04_d2_minus_d1_0.010_d2_0.205,/home/gwx/airgrasp_ws/src/airgrasp_planning/airgrasp_minco_irl/results/runs/irl_fd_manual_20260724_161550/evaluations/iter_11_single_shot_persistent_batch,/home/gwx/airgrasp_ws/src/airgrasp_planning/airgrasp_minco_irl/results/runs/irl_fd_manual_20260724_161550/evaluations/iter_11_single_shot_persistent_batch/case_04_d2_minus_d1_0.010_d2_0.205/candidate_planned_path.csv,single_shot,planned,/home/gwx/airgrasp_ws/src/airgrasp_planning/airgrasp_minco_irl/results/runs/irl_fd_manual_20260724_161550/evaluations/iter_11_single_shot_persistent_batch/case_04_d2_minus_d1_0.010_d2_0.205/planned_trajectories.csv,1,100000.0,0.0,False,True,True,5.0,0.02,0,0.551937,0.8793200000000001,fixed,,,,,,,,,,,,
