iteration,d1,d2,loss,loss_mode,imitation_loss,position_loss,yaw_loss,feasibility_loss,feasibility_margin_available,feasibility_margin_source,feasibility_min_clearance_1,feasibility_min_clearance_2,feasibility_min_margin_1,feasibility_min_margin_2,feasibility_violation_1,feasibility_violation_2,failure_status_penalty_applied,g1,g2,g1_mode,g2_mode,d1_plus_usable,d1_minus_usable,d2_plus_usable,d2_minus_usable,d1_failed_boundary,d2_failed_boundary,outer_update_mode,accepted_label,accepted_loss,accepted_channel,accepted_reason,next_d1,next_d2,step_d1,step_d2,status,completed_waypoints,waypoint_count,failure_count,executed_path_length,executed_min_clearance_1,executed_min_clearance_2,executed_min_margin_1,executed_min_margin_2,candidate_path_length,candidate_min_clearance_1,candidate_min_clearance_2,candidate_min_margin_1,candidate_min_margin_2,run_dir,eval_run_dir,trajectory_csv,eval_mode,candidate_source,source_trajectory_csv,selected_planned_trajectory_count,rho_astar_waypoint,rho_astar_waypoint_stage2,enable_tail_constraint,minco_warm_start_cache,minco_warm_start_cache_force_reuse,irl_collision_weight_scale,irl_obs_optimization_margin,safety_zone_buffer,analytic_safety_radius_1,analytic_safety_radius_2,s_guide_mode,s_guide_csv,s_guide_json,s_guide_target_clearance_1,s_guide_target_clearance_2,s_guide_min_clearance_1,s_guide_min_clearance_2,s_guide_clearance_floor_1,s_guide_clearance_floor_2,s_guide_demo_clearance_1,s_guide_demo_clearance_2,s_guide_demo_floor_margin,candidate_load_error
0,0.01,0.1,0.24679323793621488,imitation_plus_feasibility,0.24679323793621488,0.24679323793621488,0.09428078931905519,0.0,True,summary,0.025130155961446854,0.11672772667401271,0.015130155961446854,0.016727726674012705,0.0,0.0,0.0,0.08445959222156824,-0.2861904813449806,central_difference,central_difference,True,True,True,True,,,best_neighbor,d2_plus,0.24306614695102188,imitation,min_loss_neighbor,0.01,0.115,0.0,0.015,success,1,1,0,,,,,,9.031726779769093,0.025130155961446854,0.11672772667401271,0.015130155961446854,0.016727726674012705,/home/gwx/airgrasp_ws/src/airgrasp_planning/airgrasp_minco_irl/results/runs/irl_fd_manual_20260724_161550/evaluations/iter_00_single_shot_persistent_batch/case_00_current_d1_0.010_d2_0.100,/home/gwx/airgrasp_ws/src/airgrasp_planning/airgrasp_minco_irl/results/runs/irl_fd_manual_20260724_161550/evaluations/iter_00_single_shot_persistent_batch,/home/gwx/airgrasp_ws/src/airgrasp_planning/airgrasp_minco_irl/results/runs/irl_fd_manual_20260724_161550/evaluations/iter_00_single_shot_persistent_batch/case_00_current_d1_0.010_d2_0.100/candidate_planned_path.csv,single_shot,planned,/home/gwx/airgrasp_ws/src/airgrasp_planning/airgrasp_minco_irl/results/runs/irl_fd_manual_20260724_161550/evaluations/iter_00_single_shot_persistent_batch/case_00_current_d1_0.010_d2_0.100/planned_trajectories.csv,1,100000.0,0.0,False,True,True,,,,,,fixed,,,,,,,,,,,,
1,0.01,0.115,0.24306614695102188,imitation_plus_feasibility,0.24306614695102188,0.24306614695102188,0.09269427474700866,0.0,True,summary,0.02493930170260017,0.13160249892997639,0.01493930170260017,0.01660249892997638,0.0,0.0,0.0,0.10179392513521707,-0.3209881230737048,central_difference,central_difference,True,True,True,True,,,best_neighbor,d2_plus,0.23716359424400374,imitation,min_loss_neighbor,0.01,0.13,0.0,0.015,success,1,1,0,,,,,,9.044252434566367,0.02493930170260017,0.13160249892997639,0.01493930170260017,0.01660249892997638,/home/gwx/airgrasp_ws/src/airgrasp_planning/airgrasp_minco_irl/results/runs/irl_fd_manual_20260724_161550/evaluations/iter_01_single_shot_persistent_batch/case_00_current_d1_0.010_d2_0.115,/home/gwx/airgrasp_ws/src/airgrasp_planning/airgrasp_minco_irl/results/runs/irl_fd_manual_20260724_161550/evaluations/iter_01_single_shot_persistent_batch,/home/gwx/airgrasp_ws/src/airgrasp_planning/airgrasp_minco_irl/results/runs/irl_fd_manual_20260724_161550/evaluations/iter_01_single_shot_persistent_batch/case_00_current_d1_0.010_d2_0.115/candidate_planned_path.csv,single_shot,planned,/home/gwx/airgrasp_ws/src/airgrasp_planning/airgrasp_minco_irl/results/runs/irl_fd_manual_20260724_161550/evaluations/iter_01_single_shot_persistent_batch/case_00_current_d1_0.010_d2_0.115/planned_trajectories.csv,1,100000.0,0.0,False,True,True,,,,,,fixed,,,,,,,,,,,,
2,0.01,0.13,0.23716359424400374,imitation_plus_feasibility,0.23716359424400374,0.23716359424400374,0.09446412797674719,0.0,True,summary,0.024997621896757916,0.1470879374142437,0.014997621896757915,0.017087937414243692,0.0,0.0,0.0,0.03539460848880904,-0.28645778630175245,central_difference,central_difference,True,True,True,True,,,best_neighbor,d2_plus,0.2344724133619693,imitation,min_loss_neighbor,0.01,0.14500000000000002,0.0,0.015000000000000013,success,1,1,0,,,,,,9.061986008353093,0.024997621896757916,0.1470879374142437,0.014997621896757915,0.017087937414243692,/home/gwx/airgrasp_ws/src/airgrasp_planning/airgrasp_minco_irl/results/runs/irl_fd_manual_20260724_161550/evaluations/iter_02_single_shot_persistent_batch/case_00_current_d1_0.010_d2_0.130,/home/gwx/airgrasp_ws/src/airgrasp_planning/airgrasp_minco_irl/results/runs/irl_fd_manual_20260724_161550/evaluations/iter_02_single_shot_persistent_batch,/home/gwx/airgrasp_ws/src/airgrasp_planning/airgrasp_minco_irl/results/runs/irl_fd_manual_20260724_161550/evaluations/iter_02_single_shot_persistent_batch/case_00_current_d1_0.010_d2_0.130/candidate_planned_path.csv,single_shot,planned,/home/gwx/airgrasp_ws/src/airgrasp_planning/airgrasp_minco_irl/results/runs/irl_fd_manual_20260724_161550/evaluations/iter_02_single_shot_persistent_batch/case_00_current_d1_0.010_d2_0.130/planned_trajectories.csv,1,100000.0,0.0,False,True,True,,,,,,fixed,,,,,,,,,,,,
3,0.01,0.14500000000000002,0.2344724133619693,imitation_plus_feasibility,0.2344724133619693,0.2344724133619693,0.09748087931232398,0.0,True,summary,0.025035261757555105,0.16167751634475985,0.015035261757555105,0.016677516344759835,0.0,0.0,0.0,0.09188691986637965,-0.13560044887313907,central_difference,central_difference,True,True,True,True,,,best_neighbor,d2_plus,0.23309558077780956,imitation,min_loss_neighbor,0.01,0.16000000000000003,0.0,0.015000000000000013,success,1,1,0,,,,,,9.07429409978455,0.025035261757555105,0.16167751634475985,0.015035261757555105,0.016677516344759835,/home/gwx/airgrasp_ws/src/airgrasp_planning/airgrasp_minco_irl/results/runs/irl_fd_manual_20260724_161550/evaluations/iter_03_single_shot_persistent_batch/case_00_current_d1_0.010_d2_0.145,/home/gwx/airgrasp_ws/src/airgrasp_planning/airgrasp_minco_irl/results/runs/irl_fd_manual_20260724_161550/evaluations/iter_03_single_shot_persistent_batch,/home/gwx/airgrasp_ws/src/airgrasp_planning/airgrasp_minco_irl/results/runs/irl_fd_manual_20260724_161550/evaluations/iter_03_single_shot_persistent_batch/case_00_current_d1_0.010_d2_0.145/candidate_planned_path.csv,single_shot,planned,/home/gwx/airgrasp_ws/src/airgrasp_planning/airgrasp_minco_irl/results/runs/irl_fd_manual_20260724_161550/evaluations/iter_03_single_shot_persistent_batch/case_00_current_d1_0.010_d2_0.145/planned_trajectories.csv,1,100000.0,0.0,False,True,True,,,,,,fixed,,,,,,,,,,,,
4,0.01,0.16000000000000003,0.23309558077780956,imitation_plus_feasibility,0.23309558077780956,0.23309558077780956,0.09423142837677449,0.0,True,summary,0.024956253159331587,0.17654980016044924,0.014956253159331587,0.016549800160449213,0.0,0.0,0.0,0.1823404201462625,-0.23884749234202193,central_difference,central_difference,True,True,True,True,,,best_neighbor,d2_plus,0.22730698859170864,imitation,min_loss_neighbor,0.01,0.17500000000000004,0.0,0.015000000000000013,success,1,1,0,,,,,,9.084395740241156,0.024956253159331587,0.17654980016044924,0.014956253159331587,0.016549800160449213,/home/gwx/airgrasp_ws/src/airgrasp_planning/airgrasp_minco_irl/results/runs/irl_fd_manual_20260724_161550/evaluations/iter_04_single_shot_persistent_batch/case_00_current_d1_0.010_d2_0.160,/home/gwx/airgrasp_ws/src/airgrasp_planning/airgrasp_minco_irl/results/runs/irl_fd_manual_20260724_161550/evaluations/iter_04_single_shot_persistent_batch,/home/gwx/airgrasp_ws/src/airgrasp_planning/airgrasp_minco_irl/results/runs/irl_fd_manual_20260724_161550/evaluations/iter_04_single_shot_persistent_batch/case_00_current_d1_0.010_d2_0.160/candidate_planned_path.csv,single_shot,planned,/home/gwx/airgrasp_ws/src/airgrasp_planning/airgrasp_minco_irl/results/runs/irl_fd_manual_20260724_161550/evaluations/iter_04_single_shot_persistent_batch/case_00_current_d1_0.010_d2_0.160/planned_trajectories.csv,1,100000.0,0.0,False,True,True,,,,,,fixed,,,,,,,,,,,,
5,0.01,0.17500000000000004,0.22730698859170864,imitation_plus_feasibility,0.22730698859170864,0.22730698859170864,0.09330365873561755,0.0,True,summary,0.024847486051909007,0.19193104326249916,0.014847486051909007,0.016931043262499113,0.0,0.0,0.0,0.012333264671003652,-0.22133267176815388,central_difference,central_difference,True,True,True,True,,,best_neighbor,d2_plus,0.22645560062476494,imitation,min_loss_neighbor,0.01,0.19000000000000006,0.0,0.015000000000000013,success,1,1,0,,,,,,9.102857563126602,0.024847486051909007,0.19193104326249916,0.014847486051909007,0.016931043262499113,/home/gwx/airgrasp_ws/src/airgrasp_planning/airgrasp_minco_irl/results/runs/irl_fd_manual_20260724_161550/evaluations/iter_05_single_shot_persistent_batch/case_00_current_d1_0.010_d2_0.175,/home/gwx/airgrasp_ws/src/airgrasp_planning/airgrasp_minco_irl/results/runs/irl_fd_manual_20260724_161550/evaluations/iter_05_single_shot_persistent_batch,/home/gwx/airgrasp_ws/src/airgrasp_planning/airgrasp_minco_irl/results/runs/irl_fd_manual_20260724_161550/evaluations/iter_05_single_shot_persistent_batch/case_00_current_d1_0.010_d2_0.175/candidate_planned_path.csv,single_shot,planned,/home/gwx/airgrasp_ws/src/airgrasp_planning/airgrasp_minco_irl/results/runs/irl_fd_manual_20260724_161550/evaluations/iter_05_single_shot_persistent_batch/case_00_current_d1_0.010_d2_0.175/planned_trajectories.csv,1,100000.0,0.0,False,True,True,,,,,,fixed,,,,,,,,,,,,
6,0.01,0.19000000000000006,0.22645560062476494,imitation_plus_feasibility,0.22645560062476494,0.22645560062476494,0.10016009394605961,0.0,True,summary,0.025134379475596602,0.20669049746199214,0.015134379475596602,0.016690497461992082,0.0,0.0,0.0,0.008363651286959206,-0.11306747694460596,central_difference,central_difference,True,True,True,True,,,best_neighbor,d2_plus,0.22391496428337046,imitation,min_loss_neighbor,0.01,0.20500000000000007,0.0,0.015000000000000013,success,1,1,0,,,,,,9.114234196445537,0.025134379475596602,0.20669049746199214,0.015134379475596602,0.016690497461992082,/home/gwx/airgrasp_ws/src/airgrasp_planning/airgrasp_minco_irl/results/runs/irl_fd_manual_20260724_161550/evaluations/iter_06_single_shot_persistent_batch/case_00_current_d1_0.010_d2_0.190,/home/gwx/airgrasp_ws/src/airgrasp_planning/airgrasp_minco_irl/results/runs/irl_fd_manual_20260724_161550/evaluations/iter_06_single_shot_persistent_batch,/home/gwx/airgrasp_ws/src/airgrasp_planning/airgrasp_minco_irl/results/runs/irl_fd_manual_20260724_161550/evaluations/iter_06_single_shot_persistent_batch/case_00_current_d1_0.010_d2_0.190/candidate_planned_path.csv,single_shot,planned,/home/gwx/airgrasp_ws/src/airgrasp_planning/airgrasp_minco_irl/results/runs/irl_fd_manual_20260724_161550/evaluations/iter_06_single_shot_persistent_batch/case_00_current_d1_0.010_d2_0.190/planned_trajectories.csv,1,100000.0,0.0,False,True,True,,,,,,fixed,,,,,,,,,,,,
7,0.01,0.20500000000000007,0.22391496428337046,imitation_plus_feasibility,0.22391496428337046,0.22391496428337046,0.10193416395127515,0.0,True,summary,0.024918851571070544,0.2220109046739281,0.014918851571070544,0.017010904673928018,0.0,0.0,0.0,0.07469501715100385,-0.25696792048555106,central_difference,central_difference,True,True,True,True,,,best_neighbor,d2_plus,0.2187465630101984,imitation,min_loss_neighbor,0.01,0.22000000000000008,0.0,0.015000000000000013,success,1,1,0,,,,,,9.128462534927854,0.024918851571070544,0.2220109046739281,0.014918851571070544,0.017010904673928018,/home/gwx/airgrasp_ws/src/airgrasp_planning/airgrasp_minco_irl/results/runs/irl_fd_manual_20260724_161550/evaluations/iter_07_single_shot_persistent_batch/case_00_current_d1_0.010_d2_0.205,/home/gwx/airgrasp_ws/src/airgrasp_planning/airgrasp_minco_irl/results/runs/irl_fd_manual_20260724_161550/evaluations/iter_07_single_shot_persistent_batch,/home/gwx/airgrasp_ws/src/airgrasp_planning/airgrasp_minco_irl/results/runs/irl_fd_manual_20260724_161550/evaluations/iter_07_single_shot_persistent_batch/case_00_current_d1_0.010_d2_0.205/candidate_planned_path.csv,single_shot,planned,/home/gwx/airgrasp_ws/src/airgrasp_planning/airgrasp_minco_irl/results/runs/irl_fd_manual_20260724_161550/evaluations/iter_07_single_shot_persistent_batch/case_00_current_d1_0.010_d2_0.205/planned_trajectories.csv,1,100000.0,0.0,False,True,True,,,,,,fixed,,,,,,,,,,,,
8,0.01,0.22000000000000008,0.2187465630101984,imitation_plus_feasibility,0.2187465630101984,0.2187465630101984,0.0907634501283358,0.0,True,summary,0.02469354967876003,0.23673933696839228,0.01469354967876003,0.016739336968392193,0.0,0.0,0.0,0.09301507104900741,-0.16655531798890422,central_difference,central_difference,True,True,True,True,,,best_neighbor,current,0.2187465630101984,imitation,min_loss_neighbor,0.01,0.22000000000000008,0.0,0.0,success,1,1,0,,,,,,9.14674918941094,0.02469354967876003,0.23673933696839228,0.01469354967876003,0.016739336968392193,/home/gwx/airgrasp_ws/src/airgrasp_planning/airgrasp_minco_irl/results/runs/irl_fd_manual_20260724_161550/evaluations/iter_08_single_shot_persistent_batch/case_00_current_d1_0.010_d2_0.220,/home/gwx/airgrasp_ws/src/airgrasp_planning/airgrasp_minco_irl/results/runs/irl_fd_manual_20260724_161550/evaluations/iter_08_single_shot_persistent_batch,/home/gwx/airgrasp_ws/src/airgrasp_planning/airgrasp_minco_irl/results/runs/irl_fd_manual_20260724_161550/evaluations/iter_08_single_shot_persistent_batch/case_00_current_d1_0.010_d2_0.220/candidate_planned_path.csv,single_shot,planned,/home/gwx/airgrasp_ws/src/airgrasp_planning/airgrasp_minco_irl/results/runs/irl_fd_manual_20260724_161550/evaluations/iter_08_single_shot_persistent_batch/case_00_current_d1_0.010_d2_0.220/planned_trajectories.csv,1,100000.0,0.0,False,True,True,,,,,,fixed,,,,,,,,,,,,
9,0.01,0.22000000000000008,0.2187465630101984,imitation_plus_feasibility,0.2187465630101984,0.2187465630101984,0.0907634501283358,0.0,True,summary,0.02469354967876003,0.23673933696839228,0.01469354967876003,0.016739336968392193,0.0,0.0,0.0,0.09301507104900741,-0.16655531798890422,central_difference,central_difference,True,True,True,True,,,best_neighbor,current,0.2187465630101984,imitation,min_loss_neighbor,0.01,0.22000000000000008,0.0,0.0,success,1,1,0,,,,,,9.14674918941094,0.02469354967876003,0.23673933696839228,0.01469354967876003,0.016739336968392193,/home/gwx/airgrasp_ws/src/airgrasp_planning/airgrasp_minco_irl/results/runs/irl_fd_manual_20260724_161550/evaluations/iter_09_single_shot_persistent_batch/case_00_current_d1_0.010_d2_0.220,/home/gwx/airgrasp_ws/src/airgrasp_planning/airgrasp_minco_irl/results/runs/irl_fd_manual_20260724_161550/evaluations/iter_09_single_shot_persistent_batch,/home/gwx/airgrasp_ws/src/airgrasp_planning/airgrasp_minco_irl/results/runs/irl_fd_manual_20260724_161550/evaluations/iter_09_single_shot_persistent_batch/case_00_current_d1_0.010_d2_0.220/candidate_planned_path.csv,single_shot,planned,/home/gwx/airgrasp_ws/src/airgrasp_planning/airgrasp_minco_irl/results/runs/irl_fd_manual_20260724_161550/evaluations/iter_09_single_shot_persistent_batch/case_00_current_d1_0.010_d2_0.220/planned_trajectories.csv,1,100000.0,0.0,False,True,True,,,,,,fixed,,,,,,,,,,,,
10,0.01,0.22000000000000008,0.2187465630101984,imitation_plus_feasibility,0.2187465630101984,0.2187465630101984,0.0907634501283358,0.0,True,summary,0.02469354967876003,0.23673933696839228,0.01469354967876003,0.016739336968392193,0.0,0.0,0.0,0.09301507104900741,-0.16655531798890422,central_difference,central_difference,True,True,True,True,,,best_neighbor,current,0.2187465630101984,imitation,min_loss_neighbor,0.01,0.22000000000000008,0.0,0.0,success,1,1,0,,,,,,9.14674918941094,0.02469354967876003,0.23673933696839228,0.01469354967876003,0.016739336968392193,/home/gwx/airgrasp_ws/src/airgrasp_planning/airgrasp_minco_irl/results/runs/irl_fd_manual_20260724_161550/evaluations/iter_10_single_shot_persistent_batch/case_00_current_d1_0.010_d2_0.220,/home/gwx/airgrasp_ws/src/airgrasp_planning/airgrasp_minco_irl/results/runs/irl_fd_manual_20260724_161550/evaluations/iter_10_single_shot_persistent_batch,/home/gwx/airgrasp_ws/src/airgrasp_planning/airgrasp_minco_irl/results/runs/irl_fd_manual_20260724_161550/evaluations/iter_10_single_shot_persistent_batch/case_00_current_d1_0.010_d2_0.220/candidate_planned_path.csv,single_shot,planned,/home/gwx/airgrasp_ws/src/airgrasp_planning/airgrasp_minco_irl/results/runs/irl_fd_manual_20260724_161550/evaluations/iter_10_single_shot_persistent_batch/case_00_current_d1_0.010_d2_0.220/planned_trajectories.csv,1,100000.0,0.0,False,True,True,,,,,,fixed,,,,,,,,,,,,
11,0.01,0.22000000000000008,0.2187465630101984,imitation_plus_feasibility,0.2187465630101984,0.2187465630101984,0.0907634501283358,0.0,True,summary,0.02469354967876003,0.23673933696839228,0.01469354967876003,0.016739336968392193,0.0,0.0,0.0,0.09301507104900741,-0.16655531798890422,central_difference,central_difference,True,True,True,True,,,best_neighbor,current,0.2187465630101984,imitation,min_loss_neighbor,0.01,0.22000000000000008,0.0,0.0,success,1,1,0,,,,,,9.14674918941094,0.02469354967876003,0.23673933696839228,0.01469354967876003,0.016739336968392193,/home/gwx/airgrasp_ws/src/airgrasp_planning/airgrasp_minco_irl/results/runs/irl_fd_manual_20260724_161550/evaluations/iter_11_single_shot_persistent_batch/case_00_current_d1_0.010_d2_0.220,/home/gwx/airgrasp_ws/src/airgrasp_planning/airgrasp_minco_irl/results/runs/irl_fd_manual_20260724_161550/evaluations/iter_11_single_shot_persistent_batch,/home/gwx/airgrasp_ws/src/airgrasp_planning/airgrasp_minco_irl/results/runs/irl_fd_manual_20260724_161550/evaluations/iter_11_single_shot_persistent_batch/case_00_current_d1_0.010_d2_0.220/candidate_planned_path.csv,single_shot,planned,/home/gwx/airgrasp_ws/src/airgrasp_planning/airgrasp_minco_irl/results/runs/irl_fd_manual_20260724_161550/evaluations/iter_11_single_shot_persistent_batch/case_00_current_d1_0.010_d2_0.220/planned_trajectories.csv,1,100000.0,0.0,False,True,True,,,,,,fixed,,,,,,,,,,,,
